900.826625,904.739192,909.949268,913.851816,917.750071,921.644031,925.533698,929.419072,933.300152,937.176938,941.04943,944.917629,950.068549,953.926729,957.780616,961.630209,965.475508,969.316514,973.153226,976.985644,980.813769,984.6376,989.729363,993.543176,997.352695,1001.15792,1004.958852,1008.75549,1012.547834,1016.335885,1020.119642,1023.899105,1028.931711,1032.701156,1036.466307,1040.227165,1043.983729,1047.735999,1051.483976,1055.227659,1058.967048,1062.702144,1066.432946,1071.40067,1075.121453,1078.837943,1082.55014,1086.258042,1089.961651,1093.660967,1097.355988,1101.046716,1104.733151,1109.641718,1113.318133,1116.990256,1120.658084,1124.321619,1127.980861,1131.635808,1135.286462,1138.932822,1142.574889,1147.424299,1151.056347,1154.684102,1158.307563,1161.92673,1165.541603,1169.152183,1172.75847,1176.360462,1179.958161,1184.748414,1188.336095,1191.919482,1195.498575,1199.073374,1202.64388,1206.210092,1209.772011,1213.329636,1216.882967,1221.614063,1225.157376,1228.696395,1232.231121,1235.761552,1239.287691,1242.809535,1246.327086,1249.840343,1253.349307,1258.021246,1261.520191,1265.014842,1268.5052,1271.991264,1275.473035,1278.950512,1282.423695,1285.892584,1289.35718,1293.969962,1297.42454,1300.874824,1304.320814,1307.76251,1311.199913,1314.633022,1318.061837,1321.486359,1324.906587,1328.322522,1332.870422,1336.276338,1339.677961,1343.075289,1346.468324,1349.857066,1353.241514,1356.621668,1359.997528,1363.369095,1367.857839,1371.219387,1374.576642,1377.929603,1381.27827,1384.622644,1387.962724,1391.29851,1394.630003,1397.957202,1402.386789,1405.703969,1409.016856,1412.325449,1415.629749,1418.929755,1422.225467,1425.516886,1428.804011,1432.086843,1436.457272,1439.730085,1442.998604,1446.26283,1449.522762,1452.7784,1456.029745,1459.276796,1462.519553,1465.758017,1470.06929,1473.297735,1476.521886,1479.741744,1482.957309,1486.168579,1489.375556,1492.578239,1495.776629,1498.970725,1503.222841,1506.406918,1509.586702,1512.762192,1515.933389,1519.100292,1522.262901,1525.421217,1528.575239,1531.724967,1534.870402,1539.057636,1542.193052,1545.324174,1548.451003,1551.573538,1554.69178,1557.805728,1560.915382,1564.020743,1567.12181,1571.249887,1574.340935,1577.42769,1580.510151,1583.588318,1586.662192,1589.731772,1592.797059,1595.858052,1598.914751,1602.983671,1606.030352,1609.072739,1612.110833,1615.144632,1618.174138,1621.199351,1624.22027,1627.236895,1630.249227,1634.25899,1637.261303,1640.259322,1643.253048,1646.24248,1649.227618,1652.208463,1655.185014,1658.157272,1661.125236,1665.075842,1668.033787,1670.987439,1673.936797,1676.881861,1679.822632,1682.759109,1685.691293,1688.619182,1691.542779,1695.434228,1698.347805,1701.257089
3067.0,3582.0,3706.0,4389.0,4808.0,5483.0,6059.0,6886.0,7809.0,8970.0,9837.0,11224.0,13020.0,14562.0,16114.0,17887.0,19506.0,20984.0,22566.0,23139.0,24524.0,24989.0,24651.0,24865.0,24216.0,23566.0,22609.0,21754.0,21081.0,20020.0,19338.0,18404.0,18128.0,17369.0,17114.0,17139.0,16901.0,17041.0,17062.0,17515.0,17135.0,17566.0,17209.0,17834.0,17258.0,17387.0,17037.0,17054.0,16588.0,16236.0,15821.0,15248.0,14781.0,14124.0,13686.0,13054.0,12714.0,12302.0,11929.0,11821.0,11686.0,11593.0,11825.0,12107.0,12268.0,12620.0,12530.0,13118.0,12792.0,13301.0,13034.0,13571.0,13585.0,13190.0,13735.0,13239.0,13626.0,13002.0,13174.0,12822.0,12656.0,12264.0,12149.0,11744.0,11438.0,11394.0,11060.0,10831.0,10786.0,10572.0,10481.0,10600.0,10685.0,10842.0,11235.0,11399.0,11679.0,12205.0,12718.0,12731.0,13951.0,13962.0,14490.0,15560.0,15681.0,16351.0,16642.0,17139.0,17357.0,17659.0,17684.0,17852.0,17814.0,17817.0,17657.0,17327.0,16971.0,16836.0,15453.0,15123.0,13699.0,12611.0,11291.0,10673.0,9158.0,8825.0,7903.0,7210.0,6307.0,5334.0,4742.0,4146.0,4074.0,4251.0,4343.0,4480.0,4526.0,4461.0,4380.0,4680.0,4457.0,4969.0,4716.0,5277.0,5189.0,5630.0,5809.0,6040.0,6284.0,6404.0,6820.0,6543.0,7219.0,7442.0,7761.0,8081.0,8305.0,8437.0,8712.0,8772.0,9264.0,8883.0,9321.0,9573.0,9466.0,9772.0,9509.0,9758.0,9605.0,9696.0,9354.0,9482.0,9305.0,9206.0,9017.0,8625.0,8785.0,8383.0,8123.0,7956.0,7251.0,7651.0,6706.0,6740.0,6512.0,6056.0,5827.0,5740.0,5167.0,4754.0,5044.0,4143.0,4427.0,3710.0,3940.0,3422.0,3365.0,2908.0,2766.0,2612.0,2332.0,2175.0,2147.0,1937.0,1979.0,1541.0,1546.0,1586.0,1077.0,1147.0,1030.0,764.0,1004.0,484.0,861.0,562.0,498.0,662.0,486.0,768.0,192.0,593.0,284.0,325.0,193.0,222.0,153.0,245.0
3048.0,3490.0,3800.0,4319.0,4659.0,5379.0,6006.0,6754.0,7707.0,8933.0,9884.0,11151.0,12939.0,14478.0,16080.0,17736.0,19422.0,20827.0,22397.0,23333.0,24452.0,24857.0,24827.0,24699.0,24269.0,23615.0,22642.0,21785.0,21052.0,20080.0,19309.0,18473.0,18043.0,17337.0,16972.0,17084.0,16913.0,17118.0,17067.0,17483.0,17248.0,17518.0,17362.0,17733.0,17354.0,17293.0,16949.0,17015.0,16663.0,16233.0,15722.0,15180.0,14747.0,14071.0,13625.0,12959.0,12689.0,12287.0,12033.0,11913.0,11667.0,11620.0,11780.0,12107.0,12309.0,12603.0,12630.0,12995.0,12901.0,13277.0,13137.0,13551.0,13387.0,13293.0,13635.0,13274.0,13497.0,13164.0,13152.0,12733.0,12571.0,12197.0,11997.0,11736.0,11500.0,11415.0,11147.0,10842.0,10799.0,10555.0,10577.0,10677.0,10707.0,10895.0,11186.0,11345.0,11567.0,12085.0,12677.0,13051.0,13900.0,14087.0,14510.0,15509.0,15772.0,16379.0,16715.0,17049.0,17460.0,17654.0,17785.0,17930.0,17952.0,17873.0,17633.0,17245.0,16815.0,16652.0,15608.0,14964.0,13772.0,12551.0,11324.0,10512.0,9223.0,8728.0,7928.0,7227.0,6375.0,5272.0,4671.0,4039.0,4070.0,4220.0,4277.0,4460.0,4499.0,4438.0,4489.0,4721.0,4533.0,4938.0,4781.0,5225.0,5349.0,5519.0,5838.0,5904.0,6251.0,6479.0,6703.0,6675.0,6997.0,7511.0,7866.0,8096.0,8258.0,8426.0,8734.0,8837.0,9190.0,9143.0,9262.0,9518.0,9490.0,9683.0,9466.0,9672.0,9513.0,9629.0,9393.0,9379.0,9283.0,9214.0,9001.0,8659.0,8764.0,8408.0,8192.0,8021.0,7446.0,7495.0,6872.0,6629.0,6507.0,6071.0,5694.0,5635.0,5251.0,4852.0,4933.0,4387.0,4400.0,3973.0,3890.0,3448.0,3378.0,3018.0,2849.0,2588.0,2336.0,2297.0,2120.0,1815.0,1971.0,1569.0,1458.0,1479.0,1051.0,981.0,1013.0,841.0,945.0,672.0,766.0,577.0,478.0,609.0,568.0,670.0,376.0,600.0,380.0,301.0,151.0,162.0,87.0,201.0
3252.0,3335.0,4204.0,4265.0,4728.0,5311.0,5993.0,6776.0,7603.0,8673.0,9968.0,11104.0,12960.0,14424.0,16076.0,17763.0,19439.0,20880.0,22241.0,23728.0,24215.0,24668.0,25101.0,24526.0,24271.0,23554.0,22849.0,21902.0,20947.0,20142.0,19213.0,18655.0,17771.0,17397.0,17120.0,16909.0,17061.0,16992.0,17076.0,17160.0,17480.0,17338.0,17810.0,17514.0,17686.0,17247.0,17218.0,16761.0,16740.0,16201.0,15697.0,15262.0,14687.0,14132.0,13489.0,13038.0,12652.0,12270.0,12023.0,11821.0,11572.0,11775.0,11610.0,12014.0,12402.0,12491.0,12761.0,12734.0,13140.0,13067.0,13390.0,13218.0,13189.0,13713.0,13338.0,13496.0,13231.0,13421.0,12928.0,12735.0,12558.0,12354.0,12040.0,11757.0,11546.0,11284.0,11139.0,10966.0,10700.0,10567.0,10683.0,10627.0,10704.0,10892.0,11060.0,11400.0,11714.0,12116.0,12576.0,13533.0,13570.0,14384.0,14850.0,15291.0,16053.0,16360.0,16809.0,16985.0,17460.0,17611.0,17901.0,17969.0,17991.0,17884.0,17564.0,17254.0,16871.0,16248.0,15917.0,14766.0,13794.0,12417.0,11628.0,10271.0,9489.0,8500.0,7950.0,7166.0,6384.0,5394.0,4582.0,4009.0,4111.0,4092.0,4183.0,4481.0,4465.0,4340.0,4563.0,4514.0,4727.0,4639.0,5001.0,4973.0,5522.0,5478.0,5760.0,5956.0,6191.0,6563.0,6461.0,6948.0,6929.0,7488.0,7984.0,8041.0,8259.0,8547.0,8749.0,9042.0,8994.0,9567.0,9313.0,9317.0,9696.0,9518.0,9697.0,9543.0,9628.0,9441.0,9622.0,9314.0,9376.0,9200.0,8896.0,8828.0,8463.0,8375.0,8180.0,7903.0,7825.0,7103.0,7265.0,6660.0,6507.0,6106.0,5822.0,5395.0,5459.0,5165.0,4661.0,4882.0,4197.0,4285.0,3686.0,3466.0,3224.0,3151.0,2838.0,2620.0,2462.0,2384.0,2039.0,1804.0,1685.0,1614.0,1383.0,1249.0,1202.0,1104.0,949.0,995.0,802.0,975.0,580.0,660.0,693.0,527.0,571.0,306.0,671.0,364.0,345.0,215.0,116.0,123.0,195.0,70.0
2995.0,3715.0,3819.0,4330.0,4851.0,5438.0,6108.0,6815.0,8058.0,8708.0,10110.0,11083.0,12977.0,14522.0,16298.0,17838.0,19518.0,21165.0,22626.0,23456.0,24470.0,24914.0,24950.0,24663.0,24329.0,23628.0,22683.0,21891.0,21020.0,20109.0,19453.0,18524.0,17961.0,17530.0,17052.0,17237.0,17015.0,16935.0,17131.0,17294.0,17384.0,17422.0,17525.0,17740.0,17532.0,17562.0,17091.0,17146.0,16605.0,16232.0,15699.0,15322.0,14985.0,14326.0,13807.0,13396.0,12756.0,12401.0,12066.0,11856.0,11996.0,11564.0,12073.0,12165.0,12373.0,12591.0,12653.0,13057.0,12886.0,13204.0,13186.0,13306.0,13658.0,13455.0,13708.0,13434.0,13731.0,13213.0,12904.0,13057.0,12552.0,12362.0,12178.0,11920.0,11613.0,11423.0,11167.0,10929.0,10581.0,10648.0,10596.0,10600.0,10590.0,10750.0,11013.0,11412.0,11886.0,12270.0,12872.0,13115.0,13620.0,14250.0,14724.0,15644.0,15820.0,16278.0,16735.0,17152.0,17387.0,17645.0,17762.0,17973.0,17902.0,17816.0,17584.0,17465.0,16999.0,16698.0,15641.0,14880.0,13594.0,12847.0,11357.0,10789.0,9257.0,8853.0,7999.0,7237.0,6352.0,5505.0,4532.0,4360.0,4142.0,4070.0,4533.0,4456.0,4229.0,4314.0,4399.0,4492.0,4514.0,4663.0,4891.0,4956.0,5409.0,5411.0,6032.0,6200.0,6452.0,6513.0,6626.0,6814.0,6938.0,7399.0,7769.0,8062.0,8377.0,8584.0,8798.0,8814.0,9344.0,9105.0,9214.0,9705.0,9481.0,9775.0,9728.0,9861.0,9558.0,9700.0,9467.0,9566.0,9436.0,9235.0,9202.0,8698.0,8782.0,8424.0,8087.0,7791.0,7462.0,7414.0,7005.0,6854.0,6586.0,6249.0,5765.0,5872.0,5286.0,4849.0,4910.0,4261.0,4339.0,3906.0,3679.0,3544.0,3336.0,2975.0,2695.0,2549.0,2358.0,2197.0,2108.0,1938.0,1643.0,1666.0,1384.0,1306.0,1305.0,989.0,1141.0,945.0,1009.0,688.0,482.0,764.0,646.0,744.0,623.0,814.0,355.0,511.0,362.0,207.0,219.0,256.0,132.0,446.0
3008.0,3687.0,3782.0,4480.0,5035.0,5387.0,6270.0,6866.0,8085.0,8821.0,10186.0,11194.0,13162.0,14674.0,16433.0,18148.0,19628.0,21188.0,22598.0,23580.0,24421.0,24894.0,25252.0,24827.0,24246.0,23596.0,22840.0,21978.0,20953.0,20210.0,19337.0,18584.0,17832.0,17837.0,17186.0,17262.0,17124.0,16931.0,17339.0,17108.0,17609.0,17500.0,17589.0,17600.0,17703.0,17810.0,17168.0,17109.0,16676.0,16316.0,15885.0,15465.0,15058.0,14371.0,13871.0,13525.0,12690.0,12346.0,12015.0,11809.0,12089.0,11627.0,12061.0,12138.0,12317.0,12449.0,12624.0,12820.0,13045.0,13104.0,13309.0,13258.0,13678.0,13513.0,13528.0,13404.0,13474.0,13287.0,12956.0,13216.0,12584.0,12467.0,12212.0,11974.0,11622.0,11300.0,11137.0,11036.0,10699.0,10826.0,10610.0,10545.0,10684.0,10836.0,11096.0,11539.0,11888.0,12272.0,12791.0,13223.0,13587.0,14473.0,14751.0,15567.0,15980.0,16382.0,16936.0,17185.0,17299.0,17706.0,17912.0,17855.0,17952.0,17867.0,17748.0,17617.0,17139.0,16434.0,15866.0,14796.0,13614.0,12953.0,11368.0,10704.0,9370.0,8729.0,7928.0,7128.0,6262.0,5703.0,4442.0,4541.0,4282.0,4170.0,4657.0,4453.0,4355.0,4441.0,4312.0,4361.0,4612.0,4658.0,4993.0,4953.0,5594.0,5583.0,6040.0,6141.0,6340.0,6411.0,6503.0,7090.0,6991.0,7337.0,7823.0,8105.0,8341.0,8487.0,8649.0,8874.0,9246.0,9181.0,9313.0,9719.0,9562.0,9787.0,9782.0,9731.0,9650.0,9781.0,9540.0,9541.0,9366.0,9114.0,9180.0,8703.0,8540.0,8365.0,8083.0,7779.0,7663.0,7275.0,7329.0,7019.0,6550.0,6140.0,5822.0,5745.0,5260.0,4983.0,4708.0,4529.0,4215.0,4004.0,3732.0,3392.0,3156.0,3029.0,2776.0,2711.0,2478.0,2284.0,2117.0,2068.0,1576.0,1810.0,1431.0,1154.0,1600.0,920.0,1066.0,868.0,753.0,880.0,588.0,857.0,703.0,581.0,583.0,581.0,411.0,328.0,380.0,305.0,344.0,302.0,35.0,268.0
2989.0,3731.0,3831.0,4319.0,4787.0,5407.0,6102.0,6801.0,7999.0,8747.0,10065.0,11089.0,12968.0,14502.0,16263.0,17864.0,19571.0,21116.0,22691.0,23498.0,24578.0,25006.0,24953.0,24714.0,24409.0,23699.0,22722.0,21942.0,21124.0,20144.0,19478.0,18575.0,18105.0,17524.0,17040.0,17265.0,17053.0,17039.0,17149.0,17455.0,17398.0,17536.0,17546.0,17819.0,17500.0,17558.0,17067.0,17187.0,16681.0,16246.0,15684.0,15279.0,14961.0,14305.0,13721.0,13277.0,12760.0,12432.0,12096.0,11890.0,11937.0,11629.0,12039.0,12184.0,12372.0,12647.0,12688.0,13117.0,12902.0,13304.0,13198.0,13453.0,13615.0,13412.0,13754.0,13438.0,13740.0,13213.0,12967.0,13006.0,12557.0,12321.0,12160.0,11893.0,11598.0,11458.0,11189.0,10936.0,10657.0,10651.0,10647.0,10665.0,10674.0,10793.0,11096.0,11396.0,11800.0,12185.0,12844.0,13127.0,13753.0,14196.0,14707.0,15681.0,15839.0,16356.0,16735.0,17155.0,17443.0,17654.0,17760.0,18037.0,17983.0,17860.0,17604.0,17410.0,16969.0,16803.0,15641.0,14930.0,13669.0,12788.0,11349.0,10772.0,9256.0,8880.0,8021.0,7257.0,6361.0,5433.0,4569.0,4289.0,4147.0,4072.0,4471.0,4474.0,4302.0,4339.0,4373.0,4595.0,4509.0,4772.0,4841.0,5005.0,5362.0,5390.0,6009.0,6131.0,6464.0,6491.0,6697.0,6762.0,6926.0,7432.0,7829.0,8074.0,8416.0,8553.0,8830.0,8788.0,9357.0,9114.0,9269.0,9738.0,9487.0,9769.0,9669.0,9850.0,9495.0,9720.0,9475.0,9581.0,9438.0,9301.0,9191.0,8712.0,8887.0,8467.0,8121.0,7880.0,7414.0,7482.0,6922.0,6809.0,6554.0,6246.0,5763.0,5874.0,5243.0,4833.0,4956.0,4315.0,4389.0,3901.0,3764.0,3525.0,3386.0,2993.0,2717.0,2554.0,2344.0,2158.0,2098.0,1925.0,1745.0,1647.0,1397.0,1343.0,1245.0,962.0,1147.0,942.0,1042.0,657.0,548.0,724.0,571.0,707.0,590.0,807.0,324.0,558.0,383.0,207.0,185.0,238.0,91.0,422.0
3021.0,3669.0,3877.0,4259.0,4715.0,5379.0,6069.0,6747.0,7946.0,8727.0,10020.0,11096.0,12944.0,14481.0,16188.0,17826.0,19505.0,21042.0,22604.0,23482.0,24530.0,24924.0,24900.0,24656.0,24383.0,23647.0,22698.0,21881.0,21127.0,20095.0,19438.0,18543.0,18072.0,17464.0,16998.0,17221.0,16989.0,17049.0,17115.0,17445.0,17325.0,17500.0,17540.0,17791.0,17457.0,17418.0,17083.0,17137.0,16687.0,16230.0,15661.0,15250.0,14898.0,14227.0,13662.0,13222.0,12779.0,12428.0,12058.0,11920.0,11851.0,11609.0,11947.0,12144.0,12388.0,12646.0,12681.0,13121.0,12935.0,13271.0,13170.0,13437.0,13570.0,13414.0,13711.0,13419.0,13680.0,13199.0,12958.0,12916.0,12538.0,12269.0,12119.0,11853.0,11593.0,11447.0,11139.0,10934.0,10685.0,10596.0,10662.0,10667.0,10678.0,10825.0,11103.0,11397.0,11735.0,12142.0,12805.0,13140.0,13792.0,14200.0,14685.0,15636.0,15824.0,16346.0,16655.0,17127.0,17461.0,17641.0,17761.0,18029.0,17984.0,17876.0,17604.0,17338.0,16887.0,16749.0,15616.0,14930.0,13681.0,12733.0,11370.0,10714.0,9242.0,8835.0,8041.0,7263.0,6345.0,5389.0,4566.0,4169.0,4105.0,4090.0,4406.0,4493.0,4345.0,4305.0,4427.0,4664.0,4497.0,4784.0,4841.0,5053.0,5332.0,5399.0,5977.0,6101.0,6386.0,6485.0,6695.0,6713.0,6951.0,7474.0,7826.0,8041.0,8409.0,8606.0,8841.0,8788.0,9324.0,9146.0,9240.0,9659.0,9486.0,9756.0,9643.0,9788.0,9482.0,9678.0,9448.0,9523.0,9412.0,9325.0,9135.0,8716.0,8875.0,8433.0,8142.0,7904.0,7431.0,7483.0,6902.0,6723.0,6562.0,6226.0,5736.0,5783.0,5262.0,4867.0,4970.0,4345.0,4420.0,3942.0,3798.0,3522.0,3409.0,3008.0,2754.0,2554.0,2331.0,2188.0,2114.0,1840.0,1806.0,1609.0,1418.0,1400.0,1143.0,978.0,1087.0,943.0,1048.0,666.0,582.0,685.0,592.0,706.0,571.0,758.0,336.0,588.0,372.0,181.0,146.0,206.0,124.0,412.0
3098.0,3468.0,3869.0,4360.0,4717.0,5387.0,6062.0,6778.0,7682.0,8979.0,9911.0,11242.0,12979.0,14570.0,16079.0,17853.0,19487.0,20851.0,22442.0,23417.0,24487.0,24891.0,24884.0,24768.0,24266.0,23663.0,22733.0,21818.0,21080.0,20149.0,19308.0,18506.0,18063.0,17408.0,17012.0,17080.0,17001.0,17188.0,17107.0,17490.0,17270.0,17544.0,17387.0,17783.0,17412.0,17334.0,17016.0,17017.0,16694.0,16251.0,15752.0,15240.0,14766.0,14052.0,13666.0,12935.0,12734.0,12341.0,12019.0,11950.0,11650.0,11662.0,11736.0,12086.0,12321.0,12621.0,12592.0,12998.0,12955.0,13293.0,13184.0,13593.0,13381.0,13307.0,13643.0,13290.0,13460.0,13189.0,13182.0,12723.0,12605.0,12258.0,12056.0,11777.0,11534.0,11389.0,11162.0,10899.0,10869.0,10559.0,10632.0,10700.0,10761.0,10937.0,11241.0,11393.0,11588.0,12086.0,12640.0,13098.0,13916.0,14106.0,14503.0,15544.0,15789.0,16433.0,16775.0,17128.0,17474.0,17741.0,17805.0,17964.0,17944.0,17908.0,17710.0,17261.0,16842.0,16629.0,15633.0,14981.0,13805.0,12525.0,11353.0,10495.0,9258.0,8696.0,7959.0,7216.0,6415.0,5278.0,4716.0,3998.0,4105.0,4249.0,4279.0,4478.0,4560.0,4504.0,4523.0,4719.0,4563.0,4917.0,4803.0,5278.0,5352.0,5597.0,5803.0,5894.0,6204.0,6476.0,6721.0,6732.0,7061.0,7505.0,7931.0,8138.0,8261.0,8425.0,8745.0,8901.0,9208.0,9173.0,9312.0,9507.0,9529.0,9698.0,9481.0,9655.0,9563.0,9619.0,9385.0,9323.0,9274.0,9208.0,8946.0,8693.0,8721.0,8445.0,8211.0,8066.0,7461.0,7516.0,6927.0,6626.0,6473.0,6023.0,5717.0,5557.0,5237.0,4909.0,4971.0,4453.0,4419.0,3993.0,3954.0,3369.0,3366.0,3082.0,2896.0,2586.0,2378.0,2310.0,2111.0,1840.0,1969.0,1539.0,1505.0,1480.0,1089.0,981.0,979.0,843.0,922.0,684.0,823.0,562.0,490.0,496.0,520.0,599.0,395.0,573.0,330.0,329.0,193.0,112.0,83.0,159.0
3035.0,3521.0,3806.0,4490.0,5067.0,5341.0,6222.0,6876.0,7853.0,8916.0,10117.0,11204.0,13138.0,14503.0,16267.0,18018.0,19533.0,20984.0,22369.0,23481.0,24325.0,24752.0,25051.0,24752.0,24070.0,23488.0,22763.0,21841.0,20765.0,20155.0,19125.0,18473.0,17736.0,17704.0,17084.0,17086.0,17030.0,16982.0,17241.0,17025.0,17432.0,17480.0,17471.0,17423.0,17619.0,17681.0,17064.0,16918.0,16575.0,16168.0,15931.0,15379.0,14820.0,14197.0,13756.0,13314.0,12581.0,12153.0,11913.0,11712.0,11899.0,11616.0,11843.0,12010.0,12215.0,12420.0,12524.0,12754.0,13015.0,13078.0,13223.0,13280.0,13544.0,13440.0,13415.0,13347.0,13280.0,13209.0,13009.0,12979.0,12578.0,12376.0,12184.0,11830.0,11543.0,11128.0,11062.0,11022.0,10750.0,10764.0,10508.0,10469.0,10742.0,10926.0,11043.0,11518.0,11801.0,12202.0,12587.0,13105.0,13583.0,14374.0,14714.0,15448.0,15928.0,16370.0,16886.0,17083.0,17247.0,17725.0,17855.0,17757.0,17854.0,17830.0,17741.0,17552.0,17060.0,16291.0,15800.0,14845.0,13648.0,12869.0,11377.0,10498.0,9311.0,8534.0,7872.0,7098.0,6254.0,5579.0,4461.0,4412.0,4243.0,4293.0,4505.0,4468.0,4470.0,4519.0,4349.0,4449.0,4643.0,4749.0,5044.0,5052.0,5562.0,5665.0,5877.0,6041.0,6268.0,6356.0,6529.0,7018.0,7028.0,7345.0,7785.0,8143.0,8265.0,8393.0,8554.0,8916.0,9095.0,9226.0,9352.0,9558.0,9588.0,9699.0,9748.0,9523.0,9616.0,9706.0,9520.0,9438.0,9215.0,9085.0,9055.0,8736.0,8345.0,8281.0,8156.0,7847.0,7655.0,7222.0,7304.0,6972.0,6499.0,6067.0,5834.0,5566.0,5268.0,5028.0,4742.0,4656.0,4178.0,3986.0,3814.0,3287.0,3127.0,3070.0,2815.0,2808.0,2492.0,2308.0,2087.0,1991.0,1698.0,1834.0,1459.0,1198.0,1448.0,942.0,1021.0,858.0,683.0,869.0,697.0,761.0,629.0,535.0,498.0,415.0,392.0,254.0,376.0,382.0,377.0,296.0,142.0,65.0
3325.0,3398.0,4176.0,4329.0,4787.0,5439.0,5980.0,6976.0,7776.0,8813.0,9945.0,11254.0,12995.0,14595.0,16226.0,17714.0,19525.0,21197.0,22339.0,23638.0,24278.0,24768.0,24809.0,24787.0,24250.0,23441.0,22621.0,21813.0,20875.0,19950.0,19273.0,18663.0,17707.0,17199.0,17450.0,16905.0,16929.0,16930.0,16961.0,17163.0,17267.0,17492.0,17769.0,17570.0,17578.0,17285.0,17469.0,16859.0,16515.0,16161.0,15710.0,15379.0,14902.0,14263.0,13763.0,13264.0,12828.0,12367.0,11999.0,11824.0,11711.0,11904.0,11770.0,12068.0,12346.0,12430.0,12845.0,12753.0,12978.0,13015.0,13273.0,13235.0,13358.0,13787.0,13477.0,13730.0,13336.0,13332.0,13090.0,12827.0,12779.0,12490.0,12190.0,11823.0,11590.0,11293.0,11081.0,10829.0,10655.0,10517.0,10583.0,10530.0,10527.0,10809.0,11040.0,11407.0,11835.0,12316.0,12701.0,13259.0,13636.0,14149.0,15060.0,15391.0,16021.0,16294.0,16634.0,17127.0,17335.0,17473.0,17720.0,17904.0,17817.0,17806.0,17567.0,17393.0,17008.0,16304.0,15746.0,14813.0,13927.0,12515.0,11805.0,10427.0,9488.0,8631.0,7984.0,7183.0,6270.0,5362.0,4742.0,4088.0,4010.0,4227.0,4390.0,4384.0,4327.0,4325.0,4490.0,4399.0,4534.0,4620.0,4922.0,5062.0,5143.0,5731.0,5782.0,6248.0,6295.0,6506.0,6580.0,6618.0,7299.0,7296.0,7702.0,7951.0,8353.0,8579.0,8759.0,9126.0,9045.0,9382.0,9562.0,9485.0,9753.0,9646.0,9848.0,9840.0,9849.0,9559.0,9674.0,9502.0,9411.0,9249.0,9019.0,8901.0,8471.0,8335.0,8041.0,7786.0,7652.0,7263.0,6895.0,6762.0,6585.0,6262.0,6049.0,5551.0,5461.0,5149.0,4673.0,4384.0,4198.0,3967.0,3701.0,3532.0,3223.0,2965.0,2766.0,2520.0,2402.0,2148.0,2072.0,2053.0,1764.0,1488.0,1543.0,1425.0,1041.0,1394.0,1050.0,1046.0,822.0,593.0,710.0,595.0,684.0,652.0,540.0,429.0,581.0,324.0,274.0,318.0,258.0,126.0,328.0,73.0
3316.0,3349.0,4024.0,4408.0,4875.0,5480.0,6011.0,7075.0,7695.0,9104.0,9896.0,11451.0,13139.0,14734.0,16221.0,17927.0,19598.0,21134.0,22382.0,23449.0,24411.0,24933.0,24821.0,25036.0,24247.0,23483.0,22675.0,21798.0,20988.0,19996.0,19277.0,18615.0,17866.0,17288.0,17504.0,16920.0,16899.0,17111.0,17069.0,17370.0,17260.0,17689.0,17526.0,17689.0,17489.0,17333.0,17445.0,16907.0,16541.0,16214.0,15909.0,15410.0,14845.0,14204.0,13841.0,13149.0,12817.0,12298.0,11908.0,11767.0,11607.0,11916.0,11717.0,12040.0,12295.0,12511.0,12722.0,12801.0,12949.0,13119.0,13222.0,13444.0,13412.0,13553.0,13515.0,13613.0,13346.0,13218.0,13379.0,12778.0,12853.0,12429.0,12242.0,11739.0,11549.0,11279.0,11012.0,10808.0,10854.0,10574.0,10472.0,10582.0,10666.0,10945.0,11168.0,11476.0,11784.0,12329.0,12617.0,12933.0,13859.0,14099.0,14915.0,15422.0,15935.0,16409.0,16701.0,17170.0,17366.0,17642.0,17811.0,17815.0,17818.0,17827.0,17733.0,17454.0,17066.0,16456.0,15658.0,15001.0,14009.0,12528.0,11736.0,10361.0,9400.0,8590.0,7873.0,7082.0,6280.0,5286.0,4878.0,4048.0,4059.0,4410.0,4327.0,4356.0,4536.0,4505.0,4435.0,4527.0,4548.0,4857.0,4772.0,5257.0,5162.0,5900.0,5691.0,6102.0,6184.0,6432.0,6786.0,6590.0,7457.0,7379.0,7748.0,8084.0,8281.0,8459.0,8679.0,9057.0,9034.0,9175.0,9653.0,9397.0,9725.0,9683.0,9717.0,9779.0,9961.0,9553.0,9648.0,9458.0,9280.0,9175.0,8976.0,8856.0,8471.0,8336.0,8105.0,7901.0,7537.0,7446.0,6837.0,6798.0,6557.0,6153.0,6089.0,5450.0,5314.0,5025.0,4763.0,4332.0,4261.0,3864.0,3891.0,3425.0,3143.0,2930.0,2791.0,2647.0,2427.0,2167.0,2141.0,2057.0,1962.0,1519.0,1629.0,1569.0,1034.0,1415.0,977.0,915.0,824.0,474.0,954.0,479.0,606.0,494.0,422.0,412.0,433.0,345.0,302.0,454.0,368.0,142.0,299.0,-75.0
3013.0,3704.0,3590.0,4356.0,4799.0,5390.0,6080.0,6863.0,7898.0,8917.0,9926.0,11254.0,13004.0,14518.0,16130.0,17887.0,19486.0,20958.0,22558.0,23123.0,24467.0,24952.0,24724.0,24759.0,24180.0,23524.0,22581.0,21745.0,21034.0,19952.0,19362.0,18360.0,18097.0,17462.0,16984.0,17195.0,16904.0,16998.0,17122.0,17467.0,17171.0,17558.0,17183.0,17806.0,17297.0,17469.0,16949.0,17121.0,16511.0,16208.0,15728.0,15310.0,14875.0,14131.0,13780.0,13148.0,12706.0,12310.0,11944.0,11801.0,11819.0,11585.0,11960.0,12108.0,12237.0,12597.0,12488.0,13106.0,12789.0,13261.0,12996.0,13538.0,13662.0,13119.0,13732.0,13196.0,13712.0,13040.0,13078.0,12877.0,12585.0,12251.0,12148.0,11784.0,11477.0,11386.0,11049.0,10870.0,10716.0,10631.0,10518.0,10624.0,10637.0,10814.0,11130.0,11341.0,11650.0,12120.0,12740.0,12784.0,13882.0,14029.0,14461.0,15612.0,15651.0,16319.0,16675.0,17132.0,17324.0,17645.0,17682.0,17846.0,17856.0,17847.0,17602.0,17298.0,16931.0,16803.0,15408.0,14987.0,13654.0,12736.0,11220.0,10766.0,9140.0,8857.0,7922.0,7163.0,6307.0,5352.0,4598.0,4167.0,4122.0,4217.0,4394.0,4436.0,4438.0,4408.0,4358.0,4640.0,4428.0,4880.0,4710.0,5164.0,5319.0,5613.0,5928.0,6041.0,6367.0,6390.0,6761.0,6671.0,7164.0,7430.0,7781.0,8089.0,8326.0,8409.0,8695.0,8673.0,9349.0,8846.0,9288.0,9663.0,9439.0,9774.0,9481.0,9750.0,9508.0,9683.0,9322.0,9526.0,9303.0,9150.0,9143.0,8611.0,8863.0,8387.0,8106.0,7915.0,7252.0,7626.0,6767.0,6789.0,6505.0,6080.0,5750.0,5796.0,5121.0,4709.0,5072.0,4111.0,4444.0,3780.0,3917.0,3409.0,3333.0,2904.0,2755.0,2624.0,2390.0,2213.0,2142.0,2004.0,1875.0,1629.0,1533.0,1435.0,1192.0,1023.0,1064.0,734.0,1043.0,503.0,754.0,550.0,503.0,678.0,512.0,879.0,195.0,619.0,348.0,360.0,254.0,251.0,75.0,324.0
2941.0,3721.0,3794.0,4426.0,5008.0,5354.0,6257.0,6739.0,8073.0,8645.0,10157.0,11010.0,13065.0,14470.0,16342.0,18027.0,19503.0,21113.0,22494.0,23453.0,24317.0,24781.0,25146.0,24627.0,24123.0,23547.0,22765.0,21876.0,20923.0,20126.0,19302.0,18486.0,17849.0,17799.0,16941.0,17218.0,17056.0,16835.0,17175.0,17020.0,17526.0,17381.0,17514.0,17613.0,17642.0,17734.0,16985.0,17067.0,16631.0,16262.0,15778.0,15310.0,14981.0,14282.0,13747.0,13411.0,12587.0,12270.0,12013.0,11776.0,12011.0,11496.0,12037.0,12106.0,12283.0,12481.0,12576.0,12851.0,13009.0,13132.0,13248.0,13171.0,13649.0,13382.0,13574.0,13304.0,13493.0,13153.0,12825.0,13178.0,12445.0,12411.0,12096.0,11929.0,11586.0,11297.0,11088.0,11032.0,10643.0,10810.0,10567.0,10527.0,10660.0,10799.0,11036.0,11484.0,11835.0,12157.0,12785.0,13208.0,13491.0,14428.0,14617.0,15507.0,15843.0,16296.0,16865.0,17082.0,17311.0,17651.0,17806.0,17827.0,17872.0,17829.0,17637.0,17517.0,17100.0,16450.0,15812.0,14757.0,13468.0,12967.0,11198.0,10720.0,9289.0,8684.0,7966.0,7149.0,6280.0,5691.0,4394.0,4522.0,4285.0,4093.0,4575.0,4482.0,4306.0,4431.0,4317.0,4357.0,4628.0,4631.0,5047.0,4862.0,5607.0,5360.0,6034.0,6120.0,6375.0,6389.0,6423.0,7063.0,6878.0,7375.0,7820.0,8070.0,8333.0,8484.0,8672.0,8798.0,9253.0,9113.0,9170.0,9734.0,9439.0,9732.0,9760.0,9661.0,9506.0,9713.0,9417.0,9479.0,9382.0,9099.0,9146.0,8645.0,8561.0,8357.0,8030.0,7793.0,7627.0,7248.0,7278.0,6973.0,6498.0,6128.0,5750.0,5731.0,5241.0,4931.0,4776.0,4549.0,4217.0,4030.0,3666.0,3351.0,3200.0,3008.0,2730.0,2668.0,2459.0,2307.0,2080.0,1987.0,1529.0,1825.0,1387.0,1087.0,1625.0,853.0,1067.0,858.0,840.0,923.0,503.0,842.0,672.0,674.0,582.0,651.0,392.0,362.0,388.0,217.0,321.0,346.0,53.0,376.0
2939.0,3677.0,3823.0,4356.0,4876.0,5271.0,6168.0,6676.0,7969.0,8577.0,10157.0,10970.0,13023.0,14360.0,16201.0,17868.0,19374.0,20924.0,22329.0,23399.0,24231.0,24664.0,25148.0,24403.0,24173.0,23521.0,22692.0,21870.0,20904.0,20164.0,19291.0,18453.0,17835.0,17691.0,16764.0,17170.0,17041.0,16828.0,17182.0,16965.0,17543.0,17240.0,17536.0,17514.0,17608.0,17625.0,16874.0,17020.0,16658.0,16211.0,15685.0,15290.0,14886.0,14251.0,13624.0,13346.0,12574.0,12178.0,12016.0,11741.0,11965.0,11466.0,11991.0,12057.0,12282.0,12492.0,12589.0,12852.0,13002.0,13036.0,13229.0,13172.0,13541.0,13437.0,13535.0,13334.0,13449.0,13198.0,12721.0,13111.0,12332.0,12351.0,12008.0,11888.0,11577.0,11283.0,11089.0,11016.0,10564.0,10745.0,10588.0,10546.0,10623.0,10796.0,10961.0,11430.0,11773.0,12056.0,12661.0,13300.0,13382.0,14430.0,14653.0,15493.0,15864.0,16221.0,16808.0,17010.0,17331.0,17594.0,17850.0,17838.0,17909.0,17757.0,17566.0,17438.0,16923.0,16412.0,15815.0,14684.0,13467.0,12905.0,11223.0,10620.0,9310.0,8650.0,7955.0,7120.0,6320.0,5656.0,4335.0,4466.0,4234.0,4075.0,4579.0,4514.0,4305.0,4372.0,4326.0,4383.0,4631.0,4594.0,5041.0,4838.0,5717.0,5264.0,6007.0,5994.0,6372.0,6491.0,6366.0,7142.0,6674.0,7386.0,7897.0,8077.0,8340.0,8499.0,8719.0,8762.0,9192.0,9152.0,9119.0,9675.0,9428.0,9682.0,9652.0,9597.0,9391.0,9646.0,9407.0,9468.0,9400.0,9138.0,9129.0,8610.0,8611.0,8319.0,8003.0,7769.0,7671.0,7218.0,7399.0,6916.0,6529.0,6174.0,5619.0,5663.0,5249.0,4983.0,4768.0,4647.0,4182.0,4151.0,3645.0,3397.0,3193.0,3044.0,2766.0,2662.0,2434.0,2357.0,2079.0,1894.0,1487.0,1823.0,1307.0,998.0,1578.0,694.0,1074.0,951.0,845.0,1054.0,429.0,844.0,683.0,592.0,628.0,616.0,458.0,364.0,392.0,196.0,262.0,270.0,16.0,355.0
3428.0,3170.0,4323.0,4289.0,4725.0,5423.0,5966.0,7000.0,7506.0,8977.0,9872.0,11340.0,13045.0,14615.0,16093.0,17694.0,19481.0,20980.0,22163.0,23641.0,24199.0,24742.0,24861.0,24753.0,24257.0,23455.0,22720.0,21791.0,20912.0,20042.0,19206.0,18676.0,17702.0,17112.0,17419.0,16727.0,16920.0,17032.0,16956.0,17247.0,17303.0,17505.0,17685.0,17505.0,17593.0,17051.0,17484.0,16664.0,16601.0,16173.0,15790.0,15335.0,14702.0,14158.0,13630.0,13040.0,12751.0,12244.0,11918.0,11760.0,11421.0,12017.0,11496.0,11961.0,12350.0,12437.0,12835.0,12682.0,13077.0,12993.0,13366.0,13237.0,13159.0,13773.0,13306.0,13661.0,13111.0,13384.0,13242.0,12582.0,12802.0,12433.0,12203.0,11707.0,11496.0,11219.0,11001.0,10809.0,10750.0,10494.0,10550.0,10581.0,10590.0,10936.0,11011.0,11391.0,11647.0,12223.0,12502.0,13242.0,13636.0,14164.0,15030.0,15221.0,16060.0,16350.0,16645.0,17047.0,17386.0,17631.0,17803.0,17862.0,17790.0,17829.0,17640.0,17264.0,16925.0,16240.0,15806.0,14850.0,14022.0,12253.0,11881.0,10120.0,9573.0,8410.0,7903.0,7086.0,6315.0,5167.0,4788.0,3845.0,3971.0,4356.0,4179.0,4387.0,4507.0,4370.0,4523.0,4460.0,4670.0,4710.0,4904.0,5088.0,5219.0,5861.0,5597.0,6023.0,6119.0,6545.0,6617.0,6698.0,7358.0,7471.0,7827.0,8048.0,8221.0,8536.0,8719.0,9170.0,8832.0,9501.0,9663.0,9220.0,9794.0,9581.0,9759.0,9610.0,9899.0,9362.0,9687.0,9357.0,9305.0,9179.0,8849.0,8938.0,8274.0,8322.0,8100.0,7869.0,7731.0,7234.0,7067.0,6637.0,6507.0,6128.0,6069.0,5259.0,5498.0,5245.0,4611.0,4656.0,4169.0,4136.0,3700.0,3474.0,3113.0,3041.0,2748.0,2610.0,2449.0,2269.0,2054.0,1945.0,1834.0,1458.0,1530.0,1496.0,932.0,1405.0,958.0,1010.0,763.0,685.0,856.0,514.0,644.0,433.0,467.0,196.0,634.0,239.0,257.0,364.0,307.0,55.0,356.0,-165.0
3045.0,3523.0,3967.0,4319.0,4934.0,5258.0,6122.0,6694.0,7899.0,8540.0,10188.0,10973.0,12995.0,14383.0,16217.0,17851.0,19423.0,20950.0,22301.0,23609.0,24179.0,24588.0,25224.0,24437.0,24146.0,23487.0,22725.0,21856.0,20785.0,20098.0,19222.0,18541.0,17660.0,17633.0,16972.0,17088.0,17046.0,16766.0,17146.0,16848.0,17598.0,17237.0,17709.0,17454.0,17728.0,17555.0,17082.0,16923.0,16676.0,16159.0,15652.0,15285.0,14823.0,14209.0,13578.0,13316.0,12583.0,12247.0,12003.0,11752.0,11841.0,11555.0,11834.0,12038.0,12333.0,12379.0,12636.0,12677.0,13049.0,13000.0,13351.0,13046.0,13367.0,13572.0,13339.0,13400.0,13336.0,13337.0,12722.0,13033.0,12437.0,12364.0,12038.0,11842.0,11600.0,11272.0,11129.0,11031.0,10545.0,10750.0,10633.0,10517.0,10683.0,10845.0,10935.0,11438.0,11818.0,12144.0,12726.0,13551.0,13391.0,14532.0,14744.0,15358.0,15954.0,16269.0,16824.0,16985.0,17282.0,17581.0,17867.0,17887.0,17938.0,17772.0,17539.0,17460.0,17010.0,16183.0,15894.0,14604.0,13512.0,12777.0,11386.0,10523.0,9435.0,8572.0,7937.0,7123.0,6293.0,5652.0,4381.0,4412.0,4238.0,4063.0,4494.0,4443.0,4306.0,4341.0,4442.0,4307.0,4701.0,4511.0,5143.0,4795.0,5636.0,5325.0,5939.0,6057.0,6244.0,6493.0,6320.0,7142.0,6751.0,7329.0,7909.0,8037.0,8277.0,8498.0,8641.0,8961.0,9152.0,9418.0,9176.0,9503.0,9505.0,9635.0,9816.0,9585.0,9539.0,9625.0,9545.0,9389.0,9381.0,9089.0,9057.0,8711.0,8485.0,8379.0,8088.0,7712.0,7829.0,7045.0,7504.0,6856.0,6496.0,6189.0,5804.0,5598.0,5366.0,5093.0,4573.0,4825.0,4136.0,4216.0,3613.0,3455.0,3197.0,3084.0,2776.0,2693.0,2466.0,2343.0,2032.0,1914.0,1480.0,1803.0,1291.0,1006.0,1560.0,881.0,1017.0,934.0,803.0,1106.0,385.0,885.0,754.0,592.0,602.0,482.0,585.0,368.0,372.0,189.0,226.0,305.0,99.0,263.0
3462.0,3267.0,4256.0,4365.0,4794.0,5435.0,5937.0,6974.0,7537.0,8935.0,9743.0,11363.0,13038.0,14580.0,16106.0,17686.0,19565.0,21038.0,22250.0,23503.0,24204.0,24767.0,24763.0,24830.0,24280.0,23422.0,22731.0,21784.0,20875.0,20052.0,19210.0,18745.0,17720.0,17106.0,17482.0,16826.0,16844.0,16937.0,16930.0,17263.0,17266.0,17492.0,17704.0,17578.0,17527.0,17066.0,17465.0,16682.0,16608.0,16224.0,15827.0,15322.0,14672.0,14164.0,13636.0,13059.0,12777.0,12219.0,11861.0,11751.0,11421.0,12014.0,11553.0,12004.0,12278.0,12481.0,12801.0,12769.0,13074.0,12993.0,13240.0,13303.0,13191.0,13695.0,13407.0,13677.0,13170.0,13335.0,13289.0,12638.0,12842.0,12407.0,12220.0,11738.0,11481.0,11284.0,11028.0,10820.0,10761.0,10486.0,10562.0,10629.0,10654.0,10951.0,11067.0,11371.0,11695.0,12312.0,12536.0,13188.0,13783.0,14094.0,14994.0,15227.0,15980.0,16337.0,16594.0,17051.0,17345.0,17502.0,17741.0,17878.0,17818.0,17857.0,17663.0,17319.0,16961.0,16317.0,15692.0,14917.0,14053.0,12213.0,11847.0,10193.0,9620.0,8517.0,7901.0,7151.0,6245.0,5169.0,4808.0,3850.0,3989.0,4351.0,4153.0,4411.0,4542.0,4399.0,4472.0,4411.0,4637.0,4797.0,4785.0,5219.0,5118.0,5902.0,5623.0,6114.0,6188.0,6504.0,6669.0,6588.0,7381.0,7387.0,7847.0,8053.0,8281.0,8563.0,8720.0,9146.0,8925.0,9412.0,9682.0,9226.0,9809.0,9611.0,9693.0,9699.0,9928.0,9469.0,9668.0,9393.0,9378.0,9243.0,8868.0,8980.0,8380.0,8315.0,8075.0,7843.0,7667.0,7339.0,6898.0,6662.0,6513.0,6160.0,6125.0,5443.0,5465.0,5200.0,4723.0,4566.0,4237.0,4024.0,3776.0,3482.0,3176.0,2965.0,2801.0,2647.0,2438.0,2117.0,2100.0,1925.0,1929.0,1427.0,1616.0,1569.0,849.0,1510.0,953.0,977.0,836.0,590.0,915.0,475.0,654.0,531.0,441.0,275.0,608.0,323.0,245.0,367.0,249.0,66.0,320.0,-102.0
3169.0,3432.0,4120.0,4346.0,4835.0,5297.0,6110.0,6775.0,7772.0,8628.0,10062.0,11026.0,13007.0,14405.0,16184.0,17837.0,19422.0,20914.0,22181.0,23697.0,24094.0,24551.0,25207.0,24438.0,24176.0,23509.0,22822.0,21860.0,20783.0,20163.0,19147.0,18604.0,17621.0,17576.0,17034.0,16972.0,17000.0,16860.0,17137.0,16876.0,17560.0,17291.0,17777.0,17370.0,17707.0,17405.0,17163.0,16750.0,16672.0,16175.0,15718.0,15303.0,14782.0,14229.0,13534.0,13255.0,12601.0,12174.0,12007.0,11721.0,11756.0,11673.0,11741.0,11991.0,12306.0,12363.0,12689.0,12612.0,13154.0,12959.0,13375.0,13091.0,13304.0,13708.0,13265.0,13452.0,13163.0,13413.0,12802.0,12887.0,12495.0,12422.0,12079.0,11864.0,11533.0,11181.0,11088.0,11044.0,10658.0,10703.0,10630.0,10567.0,10689.0,10914.0,11011.0,11470.0,11779.0,12067.0,12572.0,13569.0,13448.0,14475.0,14851.0,15285.0,16041.0,16362.0,16832.0,16997.0,17318.0,17545.0,17891.0,17873.0,17977.0,17836.0,17598.0,17346.0,16923.0,16136.0,16009.0,14646.0,13637.0,12602.0,11514.0,10380.0,9517.0,8479.0,7928.0,7121.0,6287.0,5562.0,4424.0,4264.0,4173.0,4133.0,4335.0,4491.0,4397.0,4368.0,4463.0,4357.0,4735.0,4594.0,5133.0,4899.0,5621.0,5456.0,5854.0,6037.0,6220.0,6499.0,6360.0,7129.0,6882.0,7385.0,7887.0,8043.0,8287.0,8536.0,8660.0,8975.0,8926.0,9501.0,9311.0,9433.0,9686.0,9564.0,9744.0,9482.0,9571.0,9534.0,9568.0,9385.0,9348.0,9144.0,8964.0,8795.0,8371.0,8314.0,8107.0,7823.0,7869.0,6985.0,7429.0,6768.0,6445.0,6124.0,5815.0,5458.0,5402.0,5254.0,4526.0,4933.0,4074.0,4328.0,3613.0,3392.0,3127.0,3119.0,2813.0,2676.0,2517.0,2347.0,2033.0,1886.0,1561.0,1771.0,1355.0,1093.0,1432.0,960.0,979.0,985.0,721.0,1114.0,565.0,772.0,719.0,509.0,550.0,283.0,640.0,252.0,339.0,201.0,226.0,218.0,142.0,97.0
3139.0,3445.0,3777.0,4413.0,5018.0,5399.0,6158.0,6911.0,7716.0,9006.0,9985.0,11306.0,13082.0,14627.0,16102.0,17977.0,19452.0,20931.0,22299.0,23265.0,24330.0,24769.0,24918.0,24784.0,24012.0,23412.0,22673.0,21736.0,20868.0,20097.0,19059.0,18449.0,17803.0,17526.0,17146.0,16991.0,16937.0,17034.0,17193.0,17188.0,17369.0,17550.0,17310.0,17527.0,17515.0,17454.0,17161.0,16832.0,16552.0,16242.0,15836.0,15312.0,14764.0,14069.0,13746.0,13120.0,12598.0,12062.0,11915.0,11724.0,11685.0,11699.0,11681.0,11957.0,12175.0,12478.0,12496.0,12787.0,12916.0,13125.0,13255.0,13418.0,13459.0,13246.0,13437.0,13317.0,13206.0,13193.0,13154.0,12820.0,12633.0,12314.0,12175.0,11691.0,11464.0,11181.0,11035.0,10856.0,10862.0,10672.0,10514.0,10533.0,10826.0,11006.0,11101.0,11465.0,11721.0,12099.0,12461.0,12967.0,13795.0,14197.0,14663.0,15299.0,15833.0,16449.0,16811.0,17070.0,17231.0,17718.0,17791.0,17682.0,17872.0,17879.0,17729.0,17315.0,17002.0,16365.0,15704.0,14979.0,13768.0,12635.0,11367.0,10364.0,9246.0,8471.0,7800.0,7063.0,6326.0,5367.0,4646.0,4221.0,4156.0,4305.0,4386.0,4413.0,4594.0,4540.0,4394.0,4507.0,4622.0,4880.0,4841.0,5183.0,5464.0,5709.0,5789.0,5980.0,6062.0,6365.0,6654.0,6904.0,7181.0,7417.0,7773.0,8171.0,8217.0,8345.0,8505.0,8910.0,8965.0,9116.0,9512.0,9440.0,9590.0,9676.0,9619.0,9527.0,9696.0,9618.0,9447.0,9357.0,9192.0,9014.0,8921.0,8655.0,8402.0,8311.0,8222.0,7907.0,7561.0,7411.0,7126.0,6888.0,6457.0,5964.0,5834.0,5442.0,5176.0,5016.0,4788.0,4511.0,4204.0,3966.0,3925.0,3261.0,3074.0,3040.0,2868.0,2690.0,2485.0,2274.0,2158.0,1975.0,1839.0,1688.0,1469.0,1382.0,1299.0,1027.0,953.0,780.0,790.0,737.0,927.0,584.0,561.0,441.0,361.0,347.0,382.0,338.0,339.0,379.0,492.0,226.0,111.0,-33.0
3126.0,3335.0,4052.0,4371.0,4825.0,5292.0,6062.0,6742.0,7602.0,8804.0,9995.0,11171.0,13009.0,14482.0,16089.0,17904.0,19413.0,20822.0,22170.0,23553.0,24235.0,24675.0,25070.0,24587.0,24161.0,23582.0,22739.0,21825.0,21035.0,20146.0,19201.0,18554.0,17837.0,17524.0,16982.0,16932.0,17019.0,17079.0,17158.0,17164.0,17477.0,17367.0,17541.0,17579.0,17627.0,17373.0,17068.0,16850.0,16650.0,16215.0,15769.0,15244.0,14685.0,14019.0,13583.0,12988.0,12635.0,12205.0,11984.0,11828.0,11632.0,11696.0,11604.0,12012.0,12344.0,12474.0,12656.0,12741.0,13105.0,13161.0,13311.0,13292.0,13235.0,13447.0,13394.0,13337.0,13228.0,13335.0,13019.0,12795.0,12544.0,12382.0,12006.0,11698.0,11530.0,11249.0,11137.0,10983.0,10784.0,10652.0,10589.0,10662.0,10705.0,10899.0,11124.0,11423.0,11651.0,12045.0,12542.0,13360.0,13644.0,14355.0,14652.0,15303.0,15951.0,16433.0,16877.0,17030.0,17464.0,17671.0,17911.0,17917.0,17909.0,17919.0,17643.0,17322.0,16854.0,16278.0,15845.0,14801.0,13721.0,12493.0,11469.0,10301.0,9414.0,8509.0,7933.0,7136.0,6430.0,5414.0,4568.0,4111.0,4145.0,4214.0,4268.0,4464.0,4502.0,4467.0,4491.0,4538.0,4706.0,4751.0,4975.0,5053.0,5593.0,5513.0,5762.0,5822.0,6150.0,6527.0,6460.0,7009.0,6908.0,7545.0,7966.0,8069.0,8219.0,8397.0,8709.0,8986.0,8992.0,9387.0,9268.0,9344.0,9591.0,9582.0,9555.0,9480.0,9567.0,9513.0,9510.0,9253.0,9317.0,9143.0,8870.0,8744.0,8462.0,8378.0,8180.0,7980.0,7694.0,7208.0,7301.0,6682.0,6440.0,6006.0,5744.0,5373.0,5376.0,5082.0,4720.0,4802.0,4239.0,4246.0,3736.0,3298.0,3254.0,3118.0,2879.0,2648.0,2521.0,2451.0,2034.0,1882.0,1775.0,1686.0,1377.0,1273.0,1294.0,945.0,931.0,928.0,774.0,984.0,671.0,660.0,590.0,419.0,532.0,379.0,575.0,394.0,359.0,314.0,189.0,122.0,59.0,-15.0
