STT,Cultivar,Harvest Time,Number,Peel color,Position,Point,Date,Days late,Brix,Acid,Ratio,900.826625,904.739192,909.949268,913.851816,917.750071,921.644031,925.533698,929.419072,933.300152,937.176938,941.04943,944.917629,950.068549,953.926729,957.780616,961.630209,965.475508,969.316514,973.153226,976.985644,980.813769,984.6376,989.729363,993.543176,997.352695,1001.15792,1004.958852,1008.75549,1012.547834,1016.335885,1020.119642,1023.899105,1028.931711,1032.701156,1036.466307,1040.227165,1043.983729,1047.735999,1051.483976,1055.227659,1058.967048,1062.702144,1066.432946,1071.40067,1075.121453,1078.837943,1082.55014,1086.258042,1089.961651,1093.660967,1097.355988,1101.046716,1104.733151,1109.641718,1113.318133,1116.990256,1120.658084,1124.321619,1127.980861,1131.635808,1135.286462,1138.932822,1142.574889,1147.424299,1151.056347,1154.684102,1158.307563,1161.92673,1165.541603,1169.152183,1172.75847,1176.360462,1179.958161,1184.748414,1188.336095,1191.919482,1195.498575,1199.073374,1202.64388,1206.210092,1209.772011,1213.329636,1216.882967,1221.614063,1225.157376,1228.696395,1232.231121,1235.761552,1239.287691,1242.809535,1246.327086,1249.840343,1253.349307,1258.021246,1261.520191,1265.014842,1268.5052,1271.991264,1275.473035,1278.950512,1282.423695,1285.892584,1289.35718,1293.969962,1297.42454,1300.874824,1304.320814,1307.76251,1311.199913,1314.633022,1318.061837,1321.486359,1324.906587,1328.322522,1332.870422,1336.276338,1339.677961,1343.075289,1346.468324,1349.857066,1353.241514,1356.621668,1359.997528,1363.369095,1367.857839
1,QD,Harvest Date,1,Green,A,1,16-10-2023,0 days,9,0.51,17.64705882,0.153077328,0.167814961,0.155230596,0.161119356,0.164934026,0.157865169,0.158382919,0.148877319,0.141131498,0.13838008,0.129804404,0.122148351,0.109840098,0.104259303,0.098903533,0.092030956,0.090694239,0.090875336,0.091346996,0.092572569,0.095588235,0.098395559,0.103620108,0.107339778,0.110250213,0.11403384,0.117191422,0.12229587,0.123755757,0.125067014,0.127939197,0.129927727,0.133310309,0.134029905,0.134308882,0.132667894,0.134515224,0.131338064,0.131484606,0.125628141,0.129330003,0.129565217,0.127631722,0.131573253,0.132278549,0.135917147,0.134148914,0.139052013,0.13975026,0.13655201,0.140628229,0.14229413,0.141855843,0.140908122,0.138852673,0.136780837,0.136410968,0.135102678,0.129008203,0.116848174,0.110627063,0.096185065,0.083043054,0.069774051,0.063057875,0.053108998,0.051129608,0.051394122,0.050844877,0.0503443,0.045170151,0.0420653,0.043530471,0.041178195,0.041750359,0.042127362,0.043442511,0.040074557,0.038944236,0.040542253,0.039655172,0.042901904,0.047708578,0.050394241,0.051834399,0.050849327,0.05393063,0.056254706,0.058353743,0.060876021,0.0605613,0.061280168,0.065101164,0.065114816,0.066120907,0.066189624,0.067845047,0.065251989,0.067001496,0.065320665,0.064284939,0.061818182,0.059209065,0.059237404,0.056616801,0.054154995,0.051658768,0.049544146,0.045974216,0.042336483,0.035248852,0.033441884,0.030460061,0.028825397,0.026557712,0.025984049,0.024681736,0.019129288,0.018796484,0.015309673,0.015622719,0.014296814,0.013916176,0.015486341,0.013769047
5,QD,Harvest Date,1,Green,A,2,16-10-2023,0 days,9,0.51,17.64705882,0.141241452,0.152559055,0.149156355,0.151367395,0.149140344,0.144569288,0.149107455,0.140091116,0.139296636,0.130938752,0.125837779,0.114717768,0.105535055,0.100163819,0.095137889,0.088579795,0.088035451,0.086791052,0.089770538,0.088912917,0.094006958,0.095810205,0.098417119,0.102971715,0.107406881,0.108986208,0.113390232,0.114647826,0.118778785,0.120778127,0.123664001,0.124425099,0.128302538,0.127904882,0.124056296,0.125012114,0.124198718,0.124755734,0.123049346,0.12038918,0.121728744,0.120217391,0.121086506,0.123674529,0.126896997,0.127162076,0.125817338,0.13244547,0.131425598,0.132096975,0.132052077,0.130989421,0.132231405,0.131315285,0.132551065,0.13118424,0.128311929,0.126095833,0.123415362,0.116335682,0.107854785,0.090909091,0.084157726,0.073610914,0.063057875,0.060570593,0.051872771,0.056217031,0.049322576,0.051109411,0.045322753,0.047684131,0.047433203,0.045574443,0.044906743,0.039328202,0.041660957,0.041672214,0.042955104,0.043963005,0.043596059,0.043865992,0.047121034,0.051194149,0.055985639,0.055482021,0.056105252,0.055932021,0.058566713,0.062997136,0.06309348,0.066631689,0.066673656,0.06542938,0.070109152,0.069451752,0.070596952,0.066843501,0.068604403,0.068235802,0.066456727,0.065123967,0.065429904,0.058783477,0.059033372,0.058706816,0.055924171,0.051943378,0.048163464,0.046876917,0.041702867,0.03757515,0.037790698,0.031619048,0.0273238,0.027270388,0.023382697,0.02651715,0.021501014,0.016562283,0.017666813,0.021134421,0.015062213,0.020184444,0.014503396
9,QD,Harvest Date,1,Green,A,3,16-10-2023,0 days,9,0.51,17.64705882,0.174118885,0.181348425,0.178627672,0.182107272,0.182327069,0.177340824,0.177108855,0.173771559,0.165749235,0.155123068,0.149911093,0.14222396,0.127675277,0.11771589,0.117067228,0.110332566,0.106745446,0.106934002,0.10903836,0.108042918,0.11258697,0.114972245,0.120108457,0.122878625,0.12908729,0.133300156,0.137846948,0.141379562,0.143663646,0.145209466,0.148681815,0.15119908,0.150146779,0.154566745,0.149594557,0.152340343,0.150741186,0.147691042,0.148249684,0.146690901,0.149744815,0.145326087,0.144758372,0.152672582,0.151329243,0.154174674,0.151655769,0.15897651,0.156399584,0.15965603,0.158503823,0.157747355,0.161313945,0.159454274,0.157974794,0.159167226,0.155732963,0.155398103,0.148148148,0.141063421,0.127260726,0.112148268,0.102271144,0.083842547,0.078030521,0.068471105,0.0656956,0.06360211,0.056477394,0.057536343,0.057073096,0.056947608,0.054938457,0.050117233,0.053658537,0.052064381,0.052350281,0.046332046,0.049036098,0.052451539,0.05,0.055917088,0.057579318,0.060221689,0.061258835,0.064747408,0.067956942,0.069592342,0.071770844,0.074026938,0.077231483,0.077019937,0.078729427,0.080528468,0.079030227,0.082079343,0.081181202,0.080424403,0.083351143,0.078492766,0.077098491,0.079669421,0.075649856,0.075351793,0.070195627,0.067927171,0.061848341,0.059860845,0.053879835,0.053258068,0.049770386,0.042710421,0.041582406,0.03631746,0.031026558,0.029843067,0.029618083,0.026121372,0.02204192,0.023521225,0.018396846,0.021134421,0.018172888,0.01861841,0.015421333
13,QD,Harvest Date,2,Green,A,1,16-10-2023,0 days,10,0.54,18.51851852,0.118358759,0.11269685,0.119460067,0.124019504,0.118152739,0.122284644,0.116030802,0.11112919,0.107798165,0.100887235,0.094104774,0.089818798,0.082287823,0.075824947,0.070993466,0.065990379,0.066174298,0.064234661,0.06664915,0.069699742,0.068548387,0.072618052,0.076066247,0.078839957,0.08075064,0.083250391,0.086781898,0.090756792,0.089511217,0.092823773,0.097221123,0.096911958,0.094974961,0.097549991,0.098890857,0.097780793,0.097455929,0.096883678,0.095423872,0.092056025,0.09599305,0.094782609,0.095778335,0.095109284,0.098697664,0.096305787,0.098924278,0.100041946,0.101144641,0.100497306,0.10095061,0.103920348,0.102939638,0.102430185,0.103867884,0.102641594,0.09996529,0.096193107,0.096072583,0.088532992,0.082112211,0.073998918,0.062700293,0.05272133,0.046213648,0.044476957,0.040130797,0.036925396,0.039275384,0.034123948,0.03525103,0.034016705,0.031221855,0.032532239,0.027116212,0.032190343,0.028641908,0.030089203,0.029369906,0.030913468,0.031280788,0.035671246,0.0346651,0.036452977,0.03859531,0.040039709,0.039686854,0.043885124,0.043232883,0.047194824,0.046106774,0.047848898,0.050214907,0.048338052,0.049433249,0.048090077,0.052815411,0.048806366,0.049369523,0.050421075,0.048213704,0.048484848,0.046656299,0.039378121,0.044303797,0.040616246,0.038507109,0.033829175,0.034298224,0.032642042,0.028298374,0.025551102,0.024266936,0.021714286,0.017492339,0.019295086,0.014938945,0.009762533,0.016362407,0.011412665,0.00934443,0.00979021,0.009659463,0.004176092,0.007527079
17,QD,Harvest Date,2,Green,A,2,16-10-2023,0 days,10,0.54,18.51851852,0.135192004,0.132874016,0.134983127,0.136315455,0.130147941,0.135955056,0.132131607,0.126911813,0.123394495,0.11920435,0.110655177,0.105722852,0.095202952,0.089281535,0.082179643,0.076030119,0.074938454,0.07639469,0.075144509,0.076353655,0.081910183,0.083035511,0.084640188,0.089652703,0.092905886,0.096260486,0.101771498,0.102483793,0.104664983,0.107911465,0.110363392,0.112023653,0.113279226,0.11223203,0.114083326,0.112220176,0.112680288,0.113545202,0.109236609,0.112798033,0.105331741,0.108152174,0.107668812,0.111339537,0.112582069,0.113175315,0.111790761,0.115981544,0.113735692,0.116038127,0.120686092,0.12030699,0.118422429,0.122148796,0.11918731,0.114394448,0.113617957,0.113005884,0.11061397,0.101985906,0.094653465,0.083739177,0.071339,0.061674009,0.055571552,0.051060717,0.047413793,0.043255463,0.039732075,0.038714614,0.040897299,0.038724374,0.038426899,0.036049238,0.037733142,0.036249125,0.03398657,0.033417654,0.036615345,0.035347777,0.040270936,0.037719933,0.039012926,0.039766884,0.043419724,0.042686962,0.046863108,0.047111972,0.052710042,0.053452116,0.054019835,0.053934942,0.055875878,0.058823529,0.05961377,0.057245081,0.057578323,0.058992042,0.059521265,0.055603541,0.056249321,0.053663912,0.051988447,0.049931911,0.04844649,0.048085901,0.043483412,0.042586372,0.04013622,0.040004909,0.031773613,0.031062124,0.031218402,0.024634921,0.021961185,0.015564703,0.018576254,0.020844327,0.014874915,0.016562283,0.013870638,0.01010101,0.015553373,0.009048199,0.011015238
21,QD,Harvest Date,2,Green,A,3,16-10-2023,0 days,10,0.54,18.51851852,0.118358759,0.119832677,0.125084364,0.118295527,0.12455018,0.119850187,0.117255863,0.115684998,0.111009174,0.10231826,0.096019696,0.093077826,0.083886839,0.075122864,0.070661203,0.066931604,0.065386509,0.064791609,0.066123664,0.066955003,0.070287793,0.071705574,0.071669354,0.078481919,0.081461473,0.083605858,0.083984795,0.088790152,0.092928242,0.09458528,0.09650859,0.099375821,0.100155414,0.100252207,0.102432659,0.099331331,0.097355769,0.100174843,0.099325179,0.093873623,0.095124335,0.098804348,0.097850987,0.097597923,0.097836616,0.100149477,0.101982704,0.101405201,0.101768991,0.102983838,0.103327134,0.104024061,0.103253478,0.102749947,0.104519774,0.102753526,0.102857804,0.099075297,0.095202585,0.088404869,0.080792079,0.074540043,0.061167619,0.049737104,0.050100777,0.040819312,0.040428062,0.037678975,0.033642868,0.036419281,0.034182817,0.034168565,0.028970279,0.030480657,0.026111908,0.030650805,0.027271481,0.030488617,0.02911114,0.02875966,0.033004926,0.033863582,0.033725029,0.035081705,0.03601481,0.036399735,0.041100359,0.03678606,0.044830157,0.044119207,0.042836041,0.046694648,0.045602264,0.047289504,0.046494542,0.046932548,0.047523285,0.046790451,0.046377431,0.047505938,0.048539472,0.043305785,0.044990002,0.040853382,0.038665132,0.035830999,0.03507109,0.035028791,0.032352226,0.030801325,0.028670721,0.024674349,0.023887765,0.021968254,0.018130746,0.017751479,0.013510003,0.013852243,0.01392833,0.011969381,0.014016645,0.01041181,0.011787819,0.008352184,0.003120984
25,QD,Harvest Date,3,Green,A,1,16-10-2023,0 days,9.4,0.5,18.8,0.183061547,0.18996063,0.191001125,0.190163239,0.190923631,0.184456929,0.185684284,0.176700293,0.173853211,0.164424728,0.160306388,0.144309738,0.13198032,0.12263047,0.119503821,0.112215018,0.113638602,0.111203936,0.113942897,0.116609831,0.117172676,0.121663752,0.128389272,0.129466523,0.135698038,0.139698564,0.145019006,0.148881929,0.149754866,0.154859462,0.156757185,0.158426413,0.158867208,0.161502432,0.15891509,0.157088865,0.158353365,0.155918955,0.155841417,0.151929862,0.154848518,0.15173913,0.154576197,0.156567842,0.15929394,0.160260517,0.159565493,0.163380872,0.165348595,0.16400746,0.164496797,0.168222361,0.166753845,0.166595609,0.165688831,0.166890531,0.162674997,0.160562027,0.15908526,0.148494555,0.137953795,0.118506494,0.104639822,0.088674151,0.081197812,0.075054865,0.072086801,0.069178598,0.067133506,0.061667942,0.064550588,0.058769932,0.057640348,0.055978898,0.057388809,0.055703289,0.052761409,0.053787778,0.05459956,0.056759154,0.056280788,0.059773439,0.058989424,0.064335505,0.068327163,0.06783587,0.07263238,0.075723352,0.077414546,0.078057058,0.080607723,0.082371459,0.08638222,0.08451295,0.087111671,0.088708829,0.08827265,0.085411141,0.088907886,0.086590369,0.083939624,0.084958678,0.083203733,0.077394462,0.074223245,0.071545285,0.070971564,0.065139155,0.060569205,0.055098785,0.049522155,0.04997495,0.043857432,0.041269841,0.035750766,0.036017494,0.031696545,0.027572559,0.030696416,0.024634656,0.023653088,0.023154623,0.018336608,0.021054463,0.019276666
29,QD,Harvest Date,3,Green,A,2,16-10-2023,0 days,9.4,0.5,18.8,0.183061547,0.183562992,0.186051744,0.184863261,0.18552579,0.188014981,0.176933847,0.17751383,0.169877676,0.161133371,0.1546984,0.140138183,0.133825338,0.124736719,0.117842507,0.112737921,0.110585918,0.10749095,0.108775617,0.114613657,0.114879823,0.119382556,0.123992379,0.127031865,0.131717373,0.137352481,0.141361257,0.143710394,0.148343485,0.149115417,0.15279867,0.15588042,0.155068209,0.158259773,0.155839314,0.152631069,0.151842949,0.15067366,0.152783636,0.149256923,0.15072212,0.15,0.154248936,0.149859338,0.156926057,0.156523596,0.160092807,0.157822987,0.160770031,0.161313717,0.163463526,0.163347853,0.164033895,0.165209977,0.161125598,0.160846206,0.158278376,0.160922301,0.15212528,0.144266496,0.131881188,0.116071429,0.105754494,0.088674151,0.082205586,0.073884418,0.06970868,0.061341372,0.063023291,0.052792655,0.063329773,0.053910402,0.05148604,0.058470106,0.054232425,0.053883835,0.048924215,0.052323259,0.050588692,0.055745597,0.053694581,0.059170885,0.06039953,0.063307051,0.065410075,0.069490404,0.070240296,0.073141874,0.076243212,0.077844946,0.079236126,0.079853095,0.081455079,0.085771207,0.085117548,0.08670946,0.087214225,0.086472149,0.083671725,0.085510689,0.082745141,0.083966942,0.081204177,0.073422606,0.073187572,0.070494865,0.066469194,0.062859885,0.060690829,0.050681065,0.053121509,0.04746994,0.041456016,0.040888889,0.03613381,0.03421662,0.031306833,0.022163588,0.026639621,0.022964509,0.023799095,0.017871018,0.02292076,0.021054463,0.018542317
33,QD,Harvest Date,3,Green,A,3,16-10-2023,0 days,9.4,0.5,18.8,0.19121515,0.179625984,0.182227222,0.18740725,0.180927629,0.185205993,0.179558978,0.176700293,0.167737003,0.162850601,0.148953632,0.144440099,0.131857319,0.126374912,0.114187618,0.10761347,0.113835549,0.109254618,0.107987388,0.113366048,0.11440544,0.117101361,0.121793932,0.127819549,0.132996872,0.134650931,0.140787492,0.144074587,0.147823503,0.149192004,0.149790199,0.152595269,0.15515455,0.154296523,0.159567527,0.152340343,0.153345353,0.157153142,0.150253058,0.151716027,0.154305571,0.155652174,0.152939893,0.154187405,0.15305134,0.155455904,0.158616326,0.161807886,0.162747138,0.164525487,0.163153544,0.16251815,0.164452349,0.165636325,0.162863972,0.162637117,0.158162675,0.155398103,0.149515287,0.140422806,0.128184818,0.115665584,0.098369792,0.087253091,0.07875036,0.069934162,0.063466112,0.060135644,0.057999696,0.06013772,0.055547078,0.058314351,0.051335935,0.054806565,0.057101865,0.050384885,0.047827874,0.050725602,0.053435115,0.051691372,0.056527094,0.054109424,0.053584019,0.061364415,0.06372714,0.06684315,0.067413287,0.070452834,0.073048664,0.073920882,0.077336991,0.076495278,0.078414928,0.080318759,0.081654072,0.082184573,0.078429297,0.08137931,0.080679632,0.080760095,0.079270279,0.079008264,0.076427461,0.074784385,0.069620253,0.069327731,0.061137441,0.060220729,0.054487959,0.048104062,0.047288072,0.045215431,0.044489383,0.038857143,0.036644535,0.031515307,0.027149909,0.027704485,0.024205544,0.023103688,0.022339028,0.012276612,0.023248199,0.013746302,0.019643841
2,QD,Harvest Date,1,Green,B,1,16-10-2023,0 days,8.8,0.46,19.13043478,0.184113624,0.189714567,0.189426322,0.191223235,0.18672531,0.186891386,0.186034302,0.171330947,0.170795107,0.161562679,0.1546984,0.146004432,0.131365314,0.124034636,0.117288736,0.11096005,0.110290497,0.110461339,0.10816255,0.112950179,0.114879823,0.118394038,0.123479408,0.129180093,0.134347455,0.137921228,0.141217815,0.145312841,0.1491606,0.149728115,0.15541129,0.154894875,0.156363322,0.158529995,0.157330599,0.155635236,0.157652244,0.15447907,0.152150991,0.154602801,0.154848518,0.152065217,0.155667067,0.155594027,0.158002368,0.15598975,0.162834845,0.161388423,0.163683663,0.163903854,0.162120273,0.166148102,0.164347735,0.164037519,0.162429379,0.162301321,0.162790698,0.159000841,0.156475267,0.14016656,0.130825083,0.12107684,0.100181134,0.085405713,0.076302908,0.068471105,0.066884661,0.061642803,0.064393363,0.062433053,0.05981993,0.054214123,0.053287301,0.053048066,0.054806313,0.050244927,0.052213238,0.05019305,0.050329926,0.05080451,0.05320197,0.055796577,0.058519389,0.06113587,0.062380792,0.066291639,0.066434707,0.069054534,0.072942179,0.07296638,0.077336991,0.078488982,0.077681099,0.081262452,0.085012594,0.083868252,0.082662997,0.08403183,0.080786493,0.084970849,0.0790531,0.080110193,0.081315263,0.072741716,0.07410817,0.06407563,0.061848341,0.058181382,0.055947458,0.052644496,0.052997394,0.045966934,0.040824065,0.036444444,0.035623085,0.029071263,0.026240582,0.025725594,0.02785666,0.021155184,0.020586947,0.016161616,0.021119843,0.013920306,0.012300349
6,QD,Harvest Date,1,Green,B,2,16-10-2023,0 days,8.8,0.46,19.13043478,0.183850605,0.182332677,0.19167604,0.184439262,0.180327869,0.181460674,0.174658733,0.177188415,0.168042813,0.161848884,0.150321433,0.141311433,0.12804428,0.120758249,0.107763872,0.106881406,0.107040867,0.108512021,0.106761254,0.109706396,0.113298545,0.115352445,0.120108457,0.127676334,0.130011373,0.134082184,0.138564154,0.140796853,0.146189274,0.147200735,0.151056923,0.153170171,0.153427733,0.155827779,0.154627645,0.153018703,0.153745994,0.154993315,0.15341628,0.155137389,0.150070583,0.15,0.15163085,0.152997187,0.156926057,0.154815289,0.159670955,0.161283557,0.161498439,0.160899295,0.163876834,0.163347853,0.160581651,0.160200384,0.161016949,0.159726886,0.15712137,0.158280293,0.151130997,0.137475977,0.127392739,0.114042208,0.095443779,0.081426744,0.073855456,0.064667154,0.062722949,0.058025622,0.057238545,0.057383321,0.054478865,0.056795748,0.052536776,0.051436108,0.05107604,0.050244927,0.043579553,0.046332046,0.050071161,0.047130369,0.052339901,0.050373584,0.054876616,0.054279511,0.06036127,0.06386499,0.06578232,0.066580617,0.069002236,0.072860325,0.074066259,0.074921301,0.077471433,0.078955646,0.078715365,0.079343365,0.079593565,0.080848806,0.078114982,0.07881667,0.079596047,0.077355372,0.07520551,0.071833863,0.069965478,0.068394024,0.062559242,0.060100768,0.053393335,0.050067493,0.04679161,0.043837675,0.040192113,0.039492063,0.031792646,0.029843067,0.024811639,0.023087071,0.021771467,0.021433542,0.023069061,0.018648019,0.018827767,0.015138333,0.016706444
10,QD,Harvest Date,1,Green,B,3,16-10-2023,0 days,8.8,0.46,19.13043478,0.17648606,0.18011811,0.18087739,0.18740725,0.181327469,0.180898876,0.177283864,0.174747803,0.165443425,0.160274757,0.150321433,0.140920349,0.129397294,0.121928388,0.112858567,0.108450115,0.107237814,0.104984684,0.106235768,0.11020544,0.111242884,0.116721162,0.121280961,0.123809524,0.126741541,0.132944689,0.137560066,0.138757375,0.142549398,0.147660259,0.148523474,0.150952694,0.15221896,0.154206449,0.153695591,0.153406338,0.150040064,0.149645171,0.147089836,0.147332407,0.151482246,0.14826087,0.150976328,0.149534733,0.15305134,0.152893444,0.158932715,0.157193792,0.161186264,0.159241608,0.15643728,0.16075503,0.160372424,0.161479429,0.157974794,0.159503022,0.153881754,0.155278011,0.146035297,0.137091608,0.125280528,0.112824675,0.101713808,0.08227938,0.075583069,0.067739576,0.062277051,0.060738508,0.06195768,0.055700077,0.053563253,0.053302961,0.052386671,0.053194607,0.048350072,0.050664801,0.046594491,0.048595393,0.049683012,0.050677816,0.050615764,0.053265847,0.056051704,0.058850417,0.060249074,0.062761968,0.06773948,0.068839411,0.067298477,0.072542157,0.073538721,0.075341028,0.077156935,0.080947887,0.079764903,0.081237504,0.07895851,0.07872679,0.078114982,0.07935651,0.077098491,0.077465565,0.075983115,0.069677712,0.06881473,0.06547619,0.061492891,0.057701536,0.054244709,0.051417352,0.048777461,0.042334669,0.039939333,0.037460317,0.031154239,0.03061487,0.027149909,0.022559367,0.025828262,0.017675713,0.021901007,0.018958819,0.020792403,0.012528276,0.01560492
14,QD,Harvest Date,2,Green,B,1,16-10-2023,0 days,10.2,0.51,20,0.135981063,0.142224409,0.140607424,0.146279415,0.141343463,0.141198502,0.13440672,0.136186137,0.125382263,0.122925014,0.116673506,0.109503324,0.095448954,0.089632577,0.082954923,0.082514118,0.080649926,0.078529657,0.080749693,0.081926308,0.085072739,0.088890579,0.090063022,0.095238095,0.098308217,0.099815157,0.103636233,0.106198558,0.108750557,0.111894003,0.112184308,0.115719448,0.116214816,0.115834985,0.113617299,0.116290338,0.114082532,0.11663067,0.113348798,0.112156527,0.112390053,0.112608696,0.111050507,0.113178966,0.113873641,0.115844544,0.116114744,0.118708054,0.120187305,0.121011189,0.120582765,0.122173823,0.121979287,0.121189512,0.120599739,0.119767182,0.118824482,0.116128257,0.112726821,0.105829596,0.096765677,0.084686147,0.074961683,0.063947705,0.057299165,0.051938552,0.049048751,0.051243406,0.043385599,0.042234124,0.038760873,0.042824601,0.038426899,0.037661196,0.038450502,0.036948915,0.037412635,0.035681001,0.040367447,0.039148613,0.040270936,0.036996867,0.042420682,0.045709062,0.046449007,0.047650563,0.052843318,0.051844681,0.052497072,0.053876339,0.055813463,0.059391396,0.057553203,0.059347803,0.060558354,0.060822898,0.060541914,0.061538462,0.060803591,0.059058519,0.05831252,0.056639118,0.053988003,0.05333636,0.050863061,0.047035481,0.044194313,0.04318618,0.040744344,0.035464474,0.03847586,0.03256513,0.028690597,0.02768254,0.024004086,0.019552354,0.01610808,0.023218997,0.013252197,0.018232429,0.011680537,0.011810412,0.010478062,0.014790325,0.010464476
18,QD,Harvest Date,2,Green,B,2,16-10-2023,0 days,10.2,0.51,20,0.150447133,0.162155512,0.156130484,0.155607378,0.152339064,0.160674157,0.152957648,0.149528148,0.140672783,0.136090441,0.131035426,0.122539434,0.108118081,0.099812778,0.093365821,0.093599665,0.087050714,0.087812123,0.088369242,0.090576395,0.093295383,0.095962284,0.10134838,0.103329753,0.10868638,0.112683066,0.116545937,0.118945298,0.12241866,0.123994792,0.125247407,0.12771025,0.128820584,0.130607098,0.129369,0.132183351,0.129807692,0.127326957,0.128110502,0.129370256,0.127158215,0.12673913,0.126759027,0.129625622,0.127542783,0.129083921,0.130668635,0.136220638,0.134651405,0.138313303,0.136598471,0.138664178,0.13693901,0.138350032,0.132659713,0.1317439,0.134444059,0.132941035,0.128138205,0.116079436,0.105610561,0.097537879,0.083043054,0.067926673,0.06276994,0.052816386,0.05469679,0.050037679,0.047648044,0.047283856,0.046543568,0.046621109,0.047283098,0.039419695,0.038737446,0.037508747,0.04029053,0.041672214,0.041920041,0.040288864,0.042241379,0.042781393,0.046298472,0.047537424,0.049814877,0.054378998,0.054148092,0.056684952,0.058247258,0.058648849,0.06013927,0.064008395,0.065101164,0.06784104,0.066120907,0.065032095,0.066151566,0.064827586,0.067428938,0.063917081,0.06406776,0.062809917,0.060208842,0.058896959,0.055581128,0.053921569,0.051066351,0.047144914,0.043176843,0.040618481,0.037110587,0.032064128,0.031218402,0.028190476,0.025153218,0.023668639,0.01844635,0.021108179,0.016768087,0.016423104,0.017520806,0.016006216,0.009495743,0.017052375,0.009362952
22,QD,Harvest Date,2,Green,B,3,16-10-2023,0 days,10.2,0.51,20,0.145186744,0.155265748,0.152755906,0.156455374,0.154738105,0.151872659,0.152782639,0.145948584,0.141590214,0.133657699,0.130214745,0.120714379,0.10799508,0.097589516,0.093255067,0.088893537,0.087149188,0.088833194,0.087668593,0.090576395,0.090528147,0.094897726,0.09944306,0.103043323,0.107904464,0.109981516,0.114250879,0.116978658,0.120561581,0.12292257,0.126434962,0.126396189,0.126748403,0.12925599,0.127598099,0.130535905,0.128205128,0.122904453,0.12505272,0.122527531,0.125637963,0.124130435,0.123595506,0.12562216,0.128726725,0.13175315,0.127926598,0.132130872,0.133610822,0.132304186,0.135771854,0.135345364,0.135160582,0.135259007,0.133311604,0.134766062,0.132130047,0.129458388,0.123042506,0.116591928,0.10640264,0.091856061,0.083879058,0.070768794,0.062338036,0.055596196,0.053804994,0.050339111,0.047039123,0.047130834,0.049443003,0.044343204,0.045631942,0.043229777,0.042754663,0.0436669,0.041935042,0.040740248,0.040108682,0.04548334,0.044581281,0.047240299,0.048883666,0.049822877,0.050039268,0.057026252,0.055670327,0.054748844,0.05526568,0.057694347,0.060666807,0.061280168,0.065415662,0.062598301,0.063602015,0.066821004,0.067633362,0.067055703,0.067535798,0.063593176,0.061244435,0.06292011,0.058986892,0.059123922,0.058803222,0.051587302,0.049407583,0.047504798,0.045609341,0.040373052,0.038351744,0.035821643,0.031344793,0.027936508,0.026813075,0.024054541,0.019485581,0.020976253,0.020148749,0.016005567,0.013432618,0.019114219,0.013588736,0.011658256,0.014503396
26,QD,Harvest Date,3,Green,B,1,16-10-2023,0 days,9.4,0.49,19.18367347,0.201735928,0.19734252,0.206974128,0.203731185,0.203518593,0.197752809,0.193909695,0.188740644,0.185779817,0.179593589,0.16892354,0.15877982,0.145633456,0.1364381,0.127921143,0.122882242,0.12220581,0.122621368,0.123576809,0.127089745,0.126818469,0.131320812,0.136083834,0.142427497,0.147995451,0.15064695,0.156135695,0.158350936,0.164537216,0.164892395,0.167286834,0.170170828,0.171127612,0.170149523,0.173921148,0.169783894,0.170172276,0.169495012,0.165647406,0.165294558,0.164621566,0.167282609,0.167775717,0.167820818,0.169303627,0.169976511,0.177283274,0.175964765,0.176378772,0.178719436,0.180719157,0.180356772,0.179830526,0.180665103,0.178726641,0.174837699,0.17551776,0.172571154,0.168655232,0.156181935,0.142970297,0.130681818,0.111327853,0.095921557,0.089403974,0.077249451,0.077734839,0.070836473,0.071852641,0.065493497,0.065008393,0.064540623,0.06094266,0.061840563,0.060114778,0.059762071,0.054954091,0.058713886,0.057575366,0.05777271,0.061945813,0.061581104,0.066745006,0.069477774,0.073488163,0.072247959,0.077416549,0.080456061,0.080715579,0.085374907,0.086305128,0.089401889,0.09162386,0.089231414,0.093513854,0.093759865,0.095681626,0.094429708,0.092754862,0.091125027,0.0903464,0.08892562,0.084981115,0.082387653,0.081933257,0.078197946,0.068957346,0.069817658,0.066042325,0.061357222,0.058458483,0.051853707,0.044110212,0.04152381,0.039708887,0.031643941,0.031566641,0.027440633,0.026098715,0.026304802,0.03022339,0.01989122,0.021119843,0.017574387,0.022764825
30,QD,Harvest Date,3,Green,B,2,16-10-2023,0 days,9.4,0.49,19.18367347,0.214360863,0.228346457,0.21799775,0.220479118,0.226709316,0.223970037,0.216485824,0.210218028,0.205657492,0.195048655,0.186294625,0.174814235,0.161377614,0.14966066,0.137556762,0.134281531,0.130477597,0.129676042,0.131371519,0.132163354,0.13844086,0.142650749,0.146563095,0.152667383,0.158302531,0.164296886,0.168328193,0.172263093,0.175828257,0.180516198,0.183675085,0.184954008,0.189949922,0.188074221,0.187622332,0.188584165,0.186298077,0.1848195,0.185153943,0.186891906,0.182213052,0.184130435,0.183156976,0.188703744,0.189323001,0.19058296,0.189833368,0.194840604,0.195629553,0.194985495,0.198388097,0.196847127,0.196777906,0.196013643,0.196870926,0.191963286,0.192988546,0.190825027,0.184190902,0.172837924,0.153135314,0.135687229,0.12066323,0.102174222,0.088108264,0.082809071,0.074019025,0.078824416,0.066981276,0.068094874,0.067755227,0.069552012,0.064244971,0.06066823,0.061119082,0.056822953,0.062080307,0.056583677,0.060680554,0.059926517,0.061083744,0.06362979,0.066980024,0.070734773,0.073039381,0.081403044,0.079591171,0.080025815,0.083697157,0.088026302,0.091158472,0.094648478,0.096026837,0.097724651,0.09834173,0.097442913,0.095787468,0.099310345,0.096922419,0.094364068,0.097187534,0.092231405,0.089868918,0.087380844,0.082853855,0.079014939,0.072867299,0.072456814,0.06665045,0.060866364,0.057713789,0.053106212,0.046511628,0.043428571,0.035750766,0.034859789,0.030007794,0.034036939,0.027045301,0.029227557,0.027741276,0.021756022,0.016699411,0.023316513,0.014136222
34,QD,Harvest Date,3,Green,B,3,16-10-2023,0 days,9.4,0.49,19.18367347,0.20594424,0.20226378,0.220697413,0.213907144,0.219312275,0.21011236,0.206335317,0.203872437,0.192201835,0.182598741,0.179318835,0.165037153,0.151291513,0.136672127,0.131133016,0.125496758,0.128803545,0.12605588,0.125503591,0.131830658,0.129585705,0.134818645,0.139894475,0.146652345,0.151549616,0.158893786,0.161801621,0.165489111,0.167137127,0.171632075,0.174649671,0.175016426,0.178380245,0.180147721,0.176158076,0.178796395,0.178385417,0.180396997,0.173028258,0.17267187,0.171571289,0.174021739,0.17944802,0.172906297,0.18092778,0.179158659,0.179392533,0.183515101,0.183558793,0.182863655,0.186402149,0.186683261,0.18056282,0.186207632,0.185136897,0.179874636,0.18153419,0.183019095,0.170022371,0.1632287,0.146930693,0.128246753,0.115507872,0.099616314,0.086812554,0.077834674,0.081302021,0.074302939,0.072613792,0.065646519,0.067602625,0.062566439,0.063794656,0.070193435,0.058249641,0.062841148,0.060298753,0.058048196,0.05822228,0.056632459,0.064285714,0.06604001,0.068977673,0.070049137,0.072702794,0.076549746,0.079156247,0.081961923,0.078692365,0.084844628,0.089681367,0.088247639,0.089527204,0.094683863,0.09256927,0.094706935,0.093776461,0.097718833,0.096281257,0.095983589,0.08850038,0.092121212,0.090313264,0.087267363,0.081242808,0.078081232,0.077962085,0.071257198,0.066042325,0.064547797,0.056224401,0.053982966,0.044868554,0.044571429,0.03613381,0.040905583,0.030007794,0.027308707,0.027180527,0.023938761,0.027595269,0.024397824,0.027996071,0.019662433,0.016155682
3,QD,Harvest Date,1,Green,C,1,16-10-2023,0 days,8.8,0.49,17.95918367,0.154655445,0.156988189,0.158605174,0.154335383,0.157736905,0.155430712,0.15120756,0.148389196,0.144495413,0.138093875,0.129394064,0.120062573,0.108856089,0.103440206,0.094362609,0.093704246,0.09177745,0.089482967,0.090120862,0.092323047,0.095192916,0.099992396,0.100688847,0.105406373,0.110036963,0.115384615,0.116402496,0.121640323,0.123607191,0.126598759,0.129364263,0.128777924,0.131669832,0.133039092,0.131419517,0.132474077,0.132011218,0.130515273,0.127056094,0.128835668,0.12802693,0.127391304,0.124468201,0.131789656,0.133570122,0.13420884,0.132672432,0.133913591,0.135483871,0.13655201,0.140008266,0.13980502,0.138508212,0.141547644,0.140156454,0.135661518,0.137683675,0.132941035,0.12801392,0.122869955,0.109306931,0.099161255,0.084715062,0.072900384,0.063633746,0.059253841,0.055142687,0.054860588,0.050844877,0.052180566,0.04593316,0.049962035,0.044881417,0.043962485,0.044045911,0.041427572,0.043168425,0.039142591,0.04321387,0.042189282,0.046059113,0.044227525,0.048296122,0.049251514,0.051161225,0.056805647,0.058497336,0.0599118,0.059312107,0.063209248,0.063832032,0.065372508,0.065310829,0.067945895,0.066330814,0.070714511,0.068797629,0.068541114,0.068497542,0.066940186,0.066348138,0.065344353,0.063319262,0.060712665,0.055926352,0.057773109,0.052369668,0.051103647,0.04633909,0.046876917,0.038848207,0.034443888,0.036021234,0.029333333,0.028728294,0.022125032,0.019225773,0.025461741,0.017714672,0.020320111,0.017520806,0.016161616,0.014898494,0.015312337,0.014503396
7,QD,Harvest Date,1,Green,C,2,16-10-2023,0 days,8.8,0.49,17.95918367,0.162546028,0.161417323,0.166704162,0.160271359,0.162534986,0.162734082,0.158907945,0.15261959,0.148165138,0.14009731,0.134865272,0.125928823,0.115867159,0.107886731,0.100454092,0.098305794,0.094042344,0.095052446,0.092660711,0.097063961,0.096220746,0.100448635,0.106478089,0.109774436,0.114586295,0.117517418,0.122211863,0.123315609,0.127544198,0.131576932,0.133560288,0.136005256,0.136159558,0.136011529,0.135520552,0.135478244,0.134214744,0.132058007,0.135280472,0.128835668,0.133456401,0.131956522,0.134395113,0.133629085,0.138951674,0.137411915,0.14142586,0.140415268,0.1421436,0.140281807,0.143314734,0.144472101,0.144471179,0.141973993,0.142655367,0.144168346,0.139650584,0.133781674,0.130623913,0.12351057,0.113267327,0.100649351,0.087641076,0.072047748,0.066513101,0.059546452,0.058709869,0.051695554,0.050692647,0.0489671,0.050053411,0.046469248,0.044280997,0.044548652,0.044619799,0.045346396,0.041660957,0.041539076,0.040367447,0.043456227,0.043596059,0.047119788,0.05052879,0.051422695,0.054639291,0.053717185,0.058823529,0.060772292,0.060909381,0.061830523,0.06267145,0.067576076,0.07023797,0.070357555,0.068639798,0.071451121,0.074618967,0.069814324,0.069779867,0.071366875,0.069171463,0.069201102,0.066762942,0.062301407,0.059378596,0.058473389,0.055094787,0.053622841,0.047920214,0.041232053,0.040709942,0.041332665,0.035136502,0.031365079,0.028855975,0.027913558,0.023642505,0.020976253,0.024070318,0.016701461,0.019710907,0.016627817,0.01702685,0.014616322,0.013952634
11,QD,Harvest Date,1,Green,C,3,16-10-2023,0 days,8.8,0.49,17.95918367,0.141767491,0.136564961,0.146456693,0.14246343,0.139944022,0.139138577,0.138431922,0.134884478,0.128440367,0.124356039,0.114758583,0.109894408,0.09803198,0.090568687,0.084283974,0.082409538,0.078385032,0.080014852,0.079698721,0.084172004,0.084598355,0.086685423,0.093214129,0.094307197,0.097810634,0.10237452,0.105500968,0.106635589,0.108379141,0.111357892,0.114717758,0.115226675,0.113883613,0.115564763,0.119675645,0.117259424,0.118289263,0.117762008,0.114930409,0.116112477,0.115430557,0.115217391,0.117050289,0.116316815,0.115595738,0.117125774,0.121493356,0.121119966,0.123829344,0.123601326,0.121099401,0.125285211,0.123443875,0.124813473,0.122229465,0.121446161,0.123221104,0.117449261,0.113845389,0.104676489,0.095049505,0.087662338,0.074125679,0.060963479,0.054131874,0.048134601,0.048751486,0.0426526,0.044755671,0.042387146,0.040744697,0.041761579,0.035274692,0.03898007,0.034289813,0.039188244,0.033575442,0.035947277,0.038556087,0.035854555,0.039285714,0.03988913,0.041128085,0.042509427,0.043980702,0.046768145,0.048711536,0.049370765,0.051645192,0.052921837,0.054969403,0.057502623,0.054513052,0.060081787,0.059089001,0.059139219,0.058530906,0.058779841,0.059841847,0.056359318,0.058964057,0.055647383,0.051766274,0.050612801,0.05132336,0.048202614,0.047156398,0.043066219,0.041838969,0.037796049,0.034380042,0.031563126,0.026921132,0.027428571,0.020939734,0.018266015,0.017537023,0.018205805,0.016903313,0.013778706,0.014454665,0.008080808,0.01686313,0.007830172,0.015054158
15,QD,Harvest Date,2,Green,C,1,16-10-2023,0 days,10.1,0.52,19.42307692,0.14203051,0.147391732,0.141732283,0.146703413,0.144742103,0.143258427,0.138256913,0.142206313,0.129663609,0.126502576,0.119135549,0.109112241,0.099630996,0.093611046,0.081515118,0.082200376,0.079468242,0.080386151,0.08215099,0.082508525,0.084914611,0.086837503,0.089550051,0.095166488,0.096886551,0.101165932,0.104281718,0.10758249,0.111424751,0.112889638,0.113371863,0.117526281,0.119668451,0.120338678,0.118650387,0.119391414,0.119190705,0.116733518,0.11640658,0.118571581,0.113910305,0.116521739,0.113341333,0.117182428,0.118394145,0.119474696,0.12128243,0.124685403,0.122996878,0.123704932,0.124612523,0.126633479,0.123653102,0.125239821,0.127009996,0.124132527,0.123105403,0.120331452,0.112975391,0.104676489,0.095313531,0.086580087,0.072593005,0.060110843,0.054707745,0.051353328,0.045035672,0.044310475,0.04399452,0.042693191,0.042423318,0.042369021,0.036025218,0.034730363,0.035007174,0.034289713,0.036727422,0.038210624,0.036356579,0.033574053,0.038300493,0.038201976,0.043830787,0.040223974,0.042409963,0.044782705,0.048711536,0.048832957,0.049196039,0.049528052,0.055602448,0.05383001,0.05482755,0.054419629,0.056884971,0.056613701,0.058319221,0.058461538,0.056849754,0.056143382,0.057443805,0.055206612,0.051877361,0.050839764,0.048216341,0.046101774,0.043838863,0.038987524,0.040257845,0.035219045,0.035124736,0.032314629,0.028185035,0.024888889,0.023621042,0.021095961,0.014938945,0.016358839,0.011899932,0.014613779,0.017082786,0.011965812,0.010969221,0.009396207,0.009730127
19,QD,Harvest Date,2,Green,C,2,16-10-2023,0 days,10.1,0.52,19.42307692,0.140189374,0.144685039,0.139257593,0.146703413,0.144542183,0.135393258,0.139306965,0.134884478,0.127675841,0.122925014,0.118861989,0.110806935,0.096678967,0.089866604,0.085834533,0.080108764,0.07779419,0.076673164,0.077771939,0.080346003,0.084519292,0.085012547,0.089623333,0.091156463,0.096104635,0.09967297,0.10327763,0.106489912,0.110161937,0.113808685,0.113609374,0.115965834,0.118891383,0.12015853,0.118930003,0.121814129,0.120292468,0.119510439,0.117988191,0.114508714,0.115973504,0.115217391,0.115741246,0.118697252,0.117640728,0.119367927,0.118013077,0.122588087,0.125598335,0.121943639,0.122649308,0.123107239,0.126268438,0.124493711,0.12331595,0.121110365,0.119402985,0.119490813,0.110365399,0.109801409,0.09650165,0.085497835,0.075101017,0.061816115,0.05441981,0.049158742,0.046967895,0.046872645,0.04460344,0.040397858,0.043644132,0.034168565,0.036775743,0.036635404,0.03543759,0.032890133,0.03083459,0.033950206,0.033898305,0.036361333,0.037315271,0.041696794,0.041128085,0.042852245,0.046224616,0.048643283,0.049472654,0.049370765,0.048557129,0.054618729,0.055813463,0.057397692,0.057658035,0.055677886,0.054575987,0.059349679,0.061494496,0.058355438,0.059414405,0.057115094,0.056900858,0.05553719,0.054654521,0.049251021,0.046950518,0.046568627,0.047748815,0.044265835,0.037582097,0.03534176,0.034380042,0.031062124,0.028437816,0.028063492,0.023876404,0.020838693,0.019615485,0.016754617,0.014739689,0.011134308,0.012118557,0.014763015,0.008185986,0.012006264,0.013034698
23,QD,Harvest Date,2,Green,C,3,16-10-2023,0 days,10.1,0.52,19.42307692,0.146764861,0.151574803,0.160854893,0.155183379,0.149140344,0.152434457,0.149282464,0.147087537,0.131498471,0.129364625,0.123238955,0.119541129,0.102214022,0.093260005,0.091261491,0.084605731,0.086262925,0.084191961,0.086617621,0.087332612,0.091239722,0.09314881,0.096511798,0.100393842,0.103355132,0.107279966,0.110091085,0.114574987,0.117070272,0.118250747,0.121051382,0.125,0.126834744,0.12412178,0.125827197,0.122201764,0.123297276,0.125064281,0.120624209,0.12434513,0.11857965,0.122282609,0.125340897,0.125081151,0.123560435,0.124386077,0.128137524,0.124790268,0.129344433,0.131268131,0.131535441,0.131922838,0.131603724,0.128437433,0.132659713,0.129952989,0.127617725,0.125255194,0.12291822,0.113132607,0.100858086,0.092126623,0.078305699,0.067358249,0.061186294,0.056766642,0.05068371,0.052901281,0.046734663,0.045141546,0.041049901,0.044039484,0.040378265,0.04352286,0.040889527,0.039888034,0.037686721,0.035414725,0.038297322,0.039021918,0.041995074,0.04241986,0.047121034,0.047880242,0.049029507,0.051069932,0.055561596,0.051199312,0.05569162,0.054406618,0.060455792,0.059916055,0.058496698,0.061969173,0.062867338,0.062506577,0.064458086,0.064933687,0.059948707,0.064456921,0.062004561,0.057410468,0.058764719,0.053449841,0.050978136,0.048902894,0.046208531,0.044745681,0.042568718,0.037059762,0.034255927,0.033942886,0.031344793,0.025269841,0.02438713,0.020581425,0.024292024,0.017546174,0.016091954,0.021016006,0.015914732,0.014763015,0.016044532,0.009744214,0.00881219
27,QD,Harvest Date,3,Green,C,1,16-10-2023,0 days,9.5,0.47,20.21276596,0.223040505,0.229576772,0.233745782,0.233199067,0.232506997,0.225093633,0.221911096,0.215424666,0.207798165,0.196622782,0.189030228,0.178985791,0.162607626,0.148607536,0.142762211,0.138151014,0.135696701,0.134131625,0.137151865,0.140064876,0.141761543,0.144931944,0.154697347,0.157679914,0.165410862,0.169344519,0.173922398,0.178235851,0.180285247,0.187026116,0.189217006,0.192591984,0.195044034,0.193838948,0.193307857,0.191588332,0.19150641,0.190784737,0.190004218,0.188602587,0.188945597,0.185869565,0.192102105,0.190651374,0.192551932,0.19431988,0.19626661,0.199454698,0.201040583,0.202341484,0.204174416,0.201721635,0.202636259,0.205286719,0.198066058,0.20024625,0.197500868,0.195748769,0.189908029,0.180012812,0.161848185,0.145021645,0.124146579,0.105868978,0.093291103,0.087637162,0.082193817,0.076563677,0.075810626,0.070390207,0.071722875,0.067425968,0.064545182,0.065943728,0.06384505,0.061721484,0.063176648,0.063906271,0.059386725,0.062080324,0.067487685,0.068450229,0.069917744,0.076791224,0.080556491,0.079858813,0.083288029,0.087017317,0.087317645,0.092798812,0.094851234,0.098530955,0.097494496,0.101289714,0.101595298,0.103020099,0.102243861,0.101432361,0.10194486,0.102353703,0.098164839,0.097190083,0.09197956,0.090331366,0.087226697,0.085200747,0.078080569,0.074136276,0.069691073,0.067615658,0.061809607,0.05498497,0.051440849,0.044063492,0.040347293,0.040391047,0.031956352,0.032585752,0.031643002,0.026583159,0.025843189,0.023620824,0.024885396,0.019140421,0.022764825
31,QD,Harvest Date,3,Green,C,2,16-10-2023,0 days,9.5,0.47,20.21276596,0.209100473,0.216043307,0.207424072,0.214755141,0.222910836,0.214606742,0.208610431,0.201919948,0.197553517,0.192472811,0.173026946,0.168426542,0.157072571,0.141937749,0.134566397,0.13083037,0.125947809,0.124756335,0.126379401,0.128254179,0.133776091,0.13725192,0.142312766,0.148514142,0.151336366,0.157471918,0.161371297,0.167018719,0.169217055,0.172168186,0.175916396,0.178712221,0.180538767,0.181769051,0.178954236,0.181122202,0.17958734,0.175871645,0.179354703,0.178659254,0.174611793,0.176521739,0.175193629,0.177991777,0.1799591,0.180866966,0.182134571,0.186346477,0.185744017,0.189287194,0.19105187,0.189172371,0.187781149,0.189405244,0.188830943,0.185583165,0.187434918,0.180377087,0.175366642,0.164381807,0.149306931,0.133252165,0.113835865,0.097911042,0.089403974,0.079590344,0.077734839,0.071740769,0.069264728,0.067329763,0.070807264,0.063781321,0.062293606,0.058763189,0.058823529,0.055703289,0.060572838,0.0591133,0.057575366,0.058532877,0.06317734,0.064232345,0.067685076,0.072106045,0.073488163,0.075446724,0.07752528,0.079595568,0.085187946,0.085905186,0.08577759,0.089926548,0.092462522,0.095417846,0.093933669,0.097758603,0.092506351,0.093899204,0.095212652,0.09371626,0.095124335,0.090137741,0.087425017,0.081593282,0.080552359,0.079831933,0.074763033,0.068977927,0.064582827,0.06184808,0.057962021,0.052104208,0.048660263,0.042412698,0.041113381,0.035631592,0.034424526,0.030211082,0.028668019,0.025887265,0.023361075,0.02035742,0.018172888,0.020184444,0.015421333
35,QD,Harvest Date,3,Green,C,3,16-10-2023,0 days,9.5,0.47,20.21276596,0.208574435,0.213336614,0.217097863,0.21751113,0.212514994,0.208052434,0.212285614,0.203547022,0.193272171,0.186176302,0.173437286,0.162951375,0.147847478,0.139480459,0.127367372,0.123928049,0.121221073,0.120115103,0.120774216,0.123346918,0.127134725,0.132005171,0.136157116,0.143859649,0.145294285,0.15086023,0.153768916,0.161045961,0.163794384,0.168798346,0.171878711,0.175180683,0.176308064,0.176094397,0.179979495,0.177827309,0.178185096,0.177517227,0.17756221,0.175772479,0.173525899,0.176195652,0.17410276,0.177883575,0.178559897,0.182682041,0.18424383,0.185402685,0.185119667,0.188769167,0.18815871,0.189898361,0.188408829,0.186420806,0.185788787,0.183120663,0.18164989,0.17689444,0.169773801,0.160409994,0.14310231,0.127164502,0.110073847,0.088105727,0.080334005,0.07520117,0.065992866,0.065561417,0.060587608,0.063810252,0.05493667,0.060744115,0.056289403,0.053780774,0.053945481,0.050104969,0.053720707,0.047397151,0.05550524,0.049917649,0.057019704,0.056037599,0.058871915,0.063307051,0.064624705,0.068387381,0.068826791,0.069699903,0.075710787,0.079223672,0.078075543,0.083525708,0.085333892,0.085980916,0.088790932,0.08681469,0.08742591,0.088700265,0.086236375,0.085510689,0.085242697,0.079449036,0.080204399,0.076146164,0.072957422,0.069211018,0.065402844,0.063579655,0.058744831,0.054607927,0.049522155,0.044839679,0.039307381,0.037460317,0.033452503,0.029585799,0.027409717,0.026649077,0.023935091,0.023382046,0.021901007,0.019269619,0.01686313,0.010614234,0.018909491
4,QD,Harvest Date,1,Green,D,1,16-10-2023,0 days,8.8,0.48,18.33333333,0.141504471,0.140748031,0.146006749,0.141827433,0.144142343,0.14494382,0.139131957,0.136186137,0.131345566,0.126788781,0.117630967,0.11015513,0.103567036,0.094547157,0.089489423,0.085860699,0.085278188,0.083542189,0.084866001,0.085336438,0.087207464,0.090411376,0.095998827,0.098317222,0.101222633,0.107137779,0.108584953,0.113482409,0.115584609,0.118403921,0.119863827,0.122864652,0.125021585,0.123941632,0.125361171,0.124915205,0.124298878,0.124241489,0.121045972,0.124452047,0.120208492,0.122391304,0.125449984,0.124756546,0.125497794,0.130044843,0.130352246,0.131501678,0.132466181,0.133961873,0.13194875,0.13378967,0.132231405,0.133873375,0.131464581,0.133087083,0.129121833,0.126936472,0.121675367,0.116335682,0.098217822,0.090097403,0.078305699,0.068921415,0.057731068,0.053255304,0.049643282,0.048831952,0.047495814,0.046518745,0.041965512,0.041761579,0.03992795,0.040885111,0.040602582,0.038628411,0.037823763,0.035814139,0.041014361,0.037881667,0.044211823,0.040612196,0.044653349,0.046394698,0.050151464,0.051069932,0.055126672,0.053673228,0.056117559,0.060345742,0.061299852,0.060965373,0.061746514,0.06343714,0.066015953,0.064295486,0.067421677,0.066737401,0.066894636,0.066400345,0.063307634,0.062479339,0.061986225,0.056740808,0.056271577,0.056722689,0.053199052,0.047384837,0.044757966,0.04086391,0.038351744,0.036322645,0.030839232,0.031111111,0.024259448,0.025083612,0.022733177,0.019920844,0.021771467,0.019763396,0.019856913,0.013364413,0.018991487,0.012354272,0.014319809
8,QD,Harvest Date,1,Green,D,2,16-10-2023,0 days,8.8,0.48,18.33333333,0.133613887,0.138287402,0.139257593,0.14246343,0.143542583,0.135205993,0.137381869,0.131630329,0.13088685,0.119919863,0.115305704,0.109894408,0.09901599,0.092557922,0.089710931,0.085860699,0.083210241,0.082521118,0.081625504,0.086667221,0.087523719,0.089270778,0.095046167,0.097028285,0.101435883,0.104294042,0.107580865,0.111734285,0.113430397,0.116872176,0.118359591,0.11760841,0.119236747,0.120248604,0.118743592,0.120457409,0.119090545,0.115396483,0.115246731,0.115150219,0.11684222,0.114347826,0.120322897,0.115018394,0.118394145,0.120862695,0.1202278,0.121434564,0.126326743,0.122876088,0.122752635,0.126011201,0.12511769,0.12747815,0.124076488,0.126259234,0.1225269,0.121892638,0.120308228,0.111467008,0.101122112,0.088474026,0.077887697,0.062952963,0.06017852,0.055742502,0.05588585,0.047927656,0.047648044,0.043152257,0.048222188,0.040698557,0.043980787,0.041471278,0.041893831,0.039608118,0.041523914,0.042604181,0.035192134,0.043963005,0.041502463,0.045071101,0.047121034,0.047994515,0.050375855,0.050959629,0.052299663,0.05378079,0.056437014,0.060239686,0.062354927,0.059811123,0.064157669,0.065848799,0.065071369,0.063979796,0.064669771,0.066312997,0.065078008,0.067911898,0.062873276,0.062589532,0.061430793,0.059350885,0.058918297,0.053104575,0.052369668,0.047024952,0.043176843,0.043440913,0.041454636,0.037074148,0.031218402,0.031365079,0.025280899,0.025212246,0.025071447,0.021503958,0.020419202,0.016144746,0.018834866,0.018803419,0.02275704,0.011310249,0.01358546
12,QD,Harvest Date,1,Green,D,3,16-10-2023,0 days,8.8,0.48,18.33333333,0.14229353,0.146161417,0.158155231,0.148823405,0.149340264,0.144569288,0.147357368,0.141392776,0.1382263,0.127790498,0.122555054,0.113674879,0.105289053,0.100514861,0.093255067,0.086383602,0.087838503,0.090411213,0.086792783,0.090576395,0.093295383,0.093833169,0.0984904,0.099749373,0.104421382,0.108844021,0.110234526,0.116541627,0.11773882,0.119782492,0.12342649,0.12631406,0.125625971,0.125202666,0.126386429,0.122686307,0.12489984,0.124241489,0.121678617,0.122634449,0.12238028,0.120217391,0.123377332,0.125081151,0.123775697,0.127375614,0.13119595,0.128880034,0.133402706,0.130232076,0.131328787,0.131819125,0.133800607,0.130782349,0.132442416,0.131520036,0.13270855,0.125495376,0.123539647,0.109673286,0.101122112,0.093885281,0.082346384,0.066931931,0.059746617,0.060863204,0.050535077,0.046269781,0.043385599,0.047283856,0.046085762,0.041154138,0.042629841,0.043229777,0.042898135,0.04156753,0.035631081,0.038210624,0.039979299,0.040162169,0.046921182,0.043865992,0.043478261,0.044680608,0.053405139,0.051069932,0.053713167,0.054318597,0.058886168,0.05610351,0.064043047,0.06201469,0.065310829,0.068470169,0.064651553,0.068083763,0.066574936,0.069920424,0.070527891,0.068019866,0.064393528,0.064683196,0.064096867,0.057762143,0.055811277,0.057422969,0.052369668,0.052783109,0.048163464,0.043809056,0.040337595,0.036322645,0.03450455,0.031365079,0.031026558,0.028685361,0.01779683,0.020316623,0.021230561,0.016005567,0.020148927,0.016161616,0.02292076,0.012006264,0.016890031
16,QD,Harvest Date,2,Green,D,1,16-10-2023,0 days,10.2,0.5,20.4,0.154918464,0.162155512,0.161304837,0.156879372,0.159336265,0.154868914,0.155932797,0.148714611,0.14587156,0.132799084,0.129530844,0.116673185,0.103690037,0.097355488,0.091261491,0.088579795,0.08478582,0.085027383,0.086179716,0.086584047,0.091397849,0.092692571,0.0984904,0.101969209,0.105132215,0.109270582,0.114179158,0.11639595,0.119224484,0.124454316,0.12611828,0.127053219,0.126748403,0.131417763,0.127038867,0.129857544,0.129407051,0.129383935,0.126212569,0.1247728,0.127592572,0.122934783,0.124468201,0.130058429,0.129049618,0.130578689,0.131090487,0.136115772,0.135275754,0.13655201,0.133601984,0.136901058,0.13631133,0.138030271,0.136136462,0.134542198,0.132824251,0.128737841,0.125901069,0.114798206,0.108910891,0.092938312,0.08290372,0.064658235,0.060610423,0.05442575,0.051724138,0.048229088,0.047495814,0.049120122,0.041355105,0.043432043,0.045031522,0.04073857,0.042037303,0.037508747,0.041797999,0.038210624,0.040108682,0.043709616,0.040394089,0.0461557,0.045358402,0.046394698,0.049253899,0.052945069,0.052625856,0.057975691,0.056649984,0.057482236,0.061616375,0.06023085,0.062270678,0.06322743,0.062552477,0.065558245,0.060859441,0.063554377,0.062727078,0.061433816,0.060592898,0.062258953,0.056431904,0.057194734,0.052819333,0.051120448,0.050236967,0.045945298,0.043906592,0.037059762,0.038724091,0.032690381,0.029701719,0.030095238,0.026813075,0.020710059,0.018056638,0.020580475,0.017579446,0.020737648,0.010512484,0.02020202,0.01146038,0.01409431,0.01083165
20,QD,Harvest Date,2,Green,D,2,16-10-2023,0 days,10.2,0.5,20.4,0.140189374,0.140994094,0.146906637,0.14246343,0.142742903,0.144756554,0.138431922,0.135698015,0.127217125,0.11977676,0.114211462,0.106113936,0.09495695,0.088696466,0.081847381,0.077389667,0.075529296,0.077137288,0.075407252,0.07984696,0.078905756,0.083643829,0.086692071,0.090726817,0.094967302,0.096615953,0.101628057,0.104668949,0.105853514,0.109672972,0.111471776,0.113666229,0.115265066,0.115925059,0.116227048,0.113964531,0.117888622,0.113545202,0.113137916,0.112584198,0.114779021,0.112826087,0.116068507,0.115342999,0.116672048,0.114883622,0.120333263,0.118917785,0.121540062,0.121943639,0.121202728,0.124351794,0.122188513,0.121722447,0.120599739,0.121558093,0.119402985,0.117809535,0.112229679,0.10301089,0.094125413,0.081439394,0.068970322,0.061105585,0.051684423,0.050036576,0.043252081,0.041145441,0.041254377,0.03917368,0.038455669,0.03690205,0.037376163,0.038100821,0.035581062,0.034569629,0.030560504,0.036612968,0.034933368,0.033700747,0.035960591,0.037117378,0.040188014,0.039195521,0.041288006,0.045996029,0.045775796,0.047864903,0.049089554,0.051331,0.051065626,0.053305352,0.05105357,0.055468177,0.055625525,0.055350942,0.055884843,0.056445623,0.055353708,0.054955733,0.05092844,0.051900826,0.052321706,0.049591466,0.046605293,0.044117647,0.043483412,0.038987524,0.037217222,0.031292183,0.029911878,0.026678357,0.022876643,0.022984127,0.020173647,0.020452791,0.018186542,0.012005277,0.015686275,0.012943633,0.012118557,0.013986014,0.009332024,0.01044023,0.014319809
24,QD,Harvest Date,2,Green,D,3,16-10-2023,0 days,10.2,0.5,20.4,0.152551289,0.159694882,0.155230596,0.158363367,0.155137945,0.151123596,0.152782639,0.139765701,0.139602446,0.12907842,0.122691834,0.116673185,0.103567036,0.09372806,0.090153948,0.085233215,0.080945347,0.081500046,0.080136626,0.082508525,0.086970272,0.088814539,0.093140847,0.096168994,0.100796133,0.102303427,0.106863659,0.109403453,0.114693211,0.119476143,0.118438762,0.12163272,0.125021585,0.125562962,0.124429117,0.125690474,0.125801282,0.124550036,0.124103754,0.122848284,0.123791943,0.122065217,0.122940984,0.123999134,0.124206221,0.125774076,0.127926598,0.131606544,0.130385016,0.131475342,0.13194875,0.131404273,0.130243749,0.132274568,0.130378096,0.127938214,0.129584635,0.123573916,0.119189659,0.107367072,0.09980198,0.088068182,0.075658353,0.060821373,0.056579326,0.052231163,0.045332937,0.04521477,0.040340996,0.042693191,0.043186327,0.036294609,0.037376163,0.038100821,0.037015782,0.036529041,0.037275593,0.034349621,0.035968431,0.038895224,0.037438424,0.041335262,0.041245593,0.0426237,0.045775833,0.042356056,0.04708057,0.047327095,0.050047918,0.049528052,0.054441865,0.054774397,0.053884055,0.057040998,0.056150294,0.056824161,0.059271804,0.058249337,0.056422312,0.057546966,0.053643175,0.053112948,0.051433015,0.04777576,0.046260069,0.046101774,0.042772512,0.038387716,0.036244223,0.033623758,0.031153035,0.031437876,0.028058645,0.026920635,0.024770174,0.018523283,0.017407119,0.017941953,0.017579446,0.014752958,0.010366477,0.014141414,0.007367387,0.009222203,0.006058381
28,QD,Harvest Date,3,Green,D,1,16-10-2023,0 days,9.5,0.51,18.62745098,0.20568122,0.216535433,0.202924634,0.216875132,0.213914434,0.217602996,0.207560378,0.202896193,0.1882263,0.191757298,0.175215429,0.172337375,0.152767528,0.141235666,0.131797541,0.12915708,0.125553914,0.127541075,0.125503591,0.126590701,0.133697027,0.136795681,0.141140261,0.143644826,0.151620699,0.156903171,0.158215592,0.16505208,0.169291339,0.172015011,0.175599715,0.174359396,0.178466586,0.180237795,0.176530898,0.17356333,0.175580929,0.175460249,0.172501054,0.177269325,0.173634488,0.174456522,0.172357369,0.176693356,0.1799591,0.179265428,0.181607256,0.188338926,0.185848075,0.18825114,0.183508989,0.187409251,0.188304216,0.191643573,0.186549326,0.186142825,0.17968298,0.183739642,0.176733781,0.16668802,0.151551155,0.130681818,0.112163857,0.096063663,0.085516844,0.086613021,0.078180737,0.076865109,0.065611204,0.071461362,0.06394018,0.060440395,0.06124287,0.059495897,0.062123386,0.058502449,0.061258051,0.063107442,0.061327468,0.059799823,0.060221675,0.062786214,0.063102233,0.067420866,0.071805228,0.075998235,0.081222138,0.076153598,0.084442551,0.090677696,0.089364845,0.08887723,0.091938358,0.094788718,0.096452561,0.092707566,0.093670618,0.093580902,0.098845907,0.090045347,0.093061136,0.087493113,0.086536325,0.086019065,0.084349827,0.078548086,0.073104265,0.073776392,0.064217952,0.061234507,0.057341442,0.052229459,0.044110212,0.046095238,0.038559755,0.037689735,0.035074045,0.03298153,0.028262339,0.029784273,0.022923054,0.025019425,0.015880812,0.025056551,0.015421333
32,QD,Harvest Date,3,Green,D,2,16-10-2023,0 days,9.5,0.51,18.62745098,0.219884271,0.222194882,0.224746907,0.221963112,0.220911635,0.222659176,0.217360868,0.209079076,0.200917431,0.194046938,0.18287512,0.175074958,0.158425584,0.147788439,0.138442795,0.132712822,0.129492861,0.130325815,0.133035558,0.133660484,0.136859583,0.14219451,0.146709659,0.152667383,0.157023031,0.165860941,0.168901958,0.170806322,0.175605408,0.177835644,0.182566701,0.185939553,0.185373856,0.18735363,0.187901948,0.187324353,0.186598558,0.185230896,0.184099536,0.18411205,0.178629601,0.183804348,0.180538889,0.184808483,0.187278011,0.187700192,0.190360683,0.193477349,0.195421436,0.19488189,0.197251498,0.199128811,0.196987133,0.196226817,0.192416341,0.19330647,0.191600139,0.18830311,0.180710912,0.171044202,0.151023102,0.138798701,0.122613906,0.10260054,0.089979845,0.085003658,0.080856124,0.075508666,0.074440554,0.069319051,0.064092782,0.067122248,0.064545182,0.063599062,0.06456241,0.060321903,0.059750582,0.059912129,0.061198085,0.061193463,0.067118227,0.065557966,0.069095182,0.072905954,0.074834511,0.075998235,0.078938784,0.082929977,0.083910127,0.090571641,0.088415277,0.092654774,0.09424468,0.096676104,0.099811083,0.096811533,0.096210838,0.098143236,0.098204745,0.0942561,0.09425562,0.089807163,0.089424572,0.090217885,0.080782509,0.077964519,0.075473934,0.07065739,0.067623449,0.062216223,0.055727938,0.056112224,0.047775531,0.043047619,0.039325843,0.035760226,0.031047025,0.032453826,0.027991886,0.026583159,0.023069061,0.022999223,0.024394237,0.019836436,0.020928952
36,QD,Harvest Date,3,Green,D,3,16-10-2023,0 days,9.5,0.51,18.62745098,0.201998948,0.21136811,0.206524184,0.212635149,0.210315874,0.20917603,0.209135457,0.195248942,0.193119266,0.180738409,0.172890166,0.164254986,0.147601476,0.139714486,0.132572821,0.125078435,0.123485968,0.125591757,0.125503591,0.126590701,0.1306926,0.135122804,0.141946358,0.143501611,0.151549616,0.155125835,0.160152048,0.163012601,0.168325657,0.171095964,0.173303776,0.175837714,0.17984804,0.180237795,0.17569205,0.180637659,0.176482372,0.174740306,0.173555462,0.1722442,0.173091541,0.17673913,0.173230064,0.173880113,0.177268324,0.182041426,0.178759755,0.183619966,0.186888658,0.187007874,0.185575532,0.187098112,0.18903651,0.184608825,0.186875272,0.188605328,0.181302788,0.182178456,0.175242356,0.162972454,0.149570957,0.129734848,0.121081232,0.09975842,0.089116038,0.080614484,0.076099881,0.080331575,0.068199117,0.067023718,0.06394018,0.065603645,0.066346443,0.05890973,0.062123386,0.054583625,0.058517199,0.05778192,0.05550524,0.059673128,0.058866995,0.064352856,0.067802585,0.069134956,0.074273533,0.075667328,0.077851473,0.079165322,0.083697157,0.084738572,0.090525427,0.091290661,0.092148024,0.094579008,0.094668346,0.096495843,0.095681626,0.09198939,0.097991024,0.094040164,0.092626778,0.086942149,0.084870029,0.088288697,0.079746835,0.076097106,0.073933649,0.068977927,0.063853077,0.061479936,0.056969095,0.052354709,0.047649141,0.044190476,0.040858018,0.03588886,0.032346064,0.029551451,0.030020284,0.026304802,0.02087896,0.025485625,0.015717092,0.021402471,0.013769047
